# Blender 5.2.0 LTS
# www.blender.org
mtllib custom_skateboard.mtl
o Skateboard_Deck
v -0.099000 0.039000 0.394000
v -0.099000 0.045000 0.400000
v -0.105000 0.045000 0.394000
v -0.099000 0.039802 0.396996
v -0.101996 0.039802 0.394000
v -0.101869 0.040580 0.396869
v -0.101996 0.045000 0.399198
v -0.099000 0.042004 0.399198
v -0.101869 0.042131 0.398420
v -0.104198 0.042004 0.394000
v -0.104198 0.045000 0.396996
v -0.103420 0.042131 0.396869
v -0.099000 0.045000 0.400000
v -0.099000 0.051000 0.394000
v -0.105000 0.045000 0.394000
v -0.099000 0.047996 0.399198
v -0.101996 0.045000 0.399198
v -0.101869 0.047869 0.398420
v -0.101996 0.050198 0.394000
v -0.099000 0.050198 0.396996
v -0.101869 0.049420 0.396869
v -0.104198 0.045000 0.396996
v -0.104198 0.047996 0.394000
v -0.103420 0.047869 0.396869
v -0.099000 0.039000 -0.394000
v -0.105000 0.045000 -0.394000
v -0.099000 0.045000 -0.400000
v -0.101996 0.039802 -0.394000
v -0.099000 0.039802 -0.396996
v -0.101869 0.040580 -0.396869
v -0.104198 0.045000 -0.396996
v -0.104198 0.042004 -0.394000
v -0.103420 0.042131 -0.396869
v -0.099000 0.042004 -0.399198
v -0.101996 0.045000 -0.399198
v -0.101869 0.042131 -0.398420
v -0.099000 0.051000 -0.394000
v -0.099000 0.045000 -0.400000
v -0.105000 0.045000 -0.394000
v -0.099000 0.050198 -0.396996
v -0.101996 0.050198 -0.394000
v -0.101869 0.049420 -0.396869
v -0.101996 0.045000 -0.399198
v -0.099000 0.047996 -0.399198
v -0.101869 0.047869 -0.398420
v -0.104198 0.047996 -0.394000
v -0.104198 0.045000 -0.396996
v -0.103420 0.047869 -0.396869
v 0.099000 0.039000 0.394000
v 0.105000 0.045000 0.394000
v 0.099000 0.045000 0.400000
v 0.101996 0.039802 0.394000
v 0.099000 0.039802 0.396996
v 0.101869 0.040580 0.396869
v 0.104198 0.045000 0.396996
v 0.104198 0.042004 0.394000
v 0.103420 0.042131 0.396869
v 0.099000 0.042004 0.399198
v 0.101996 0.045000 0.399198
v 0.101869 0.042131 0.398420
v 0.099000 0.051000 0.394000
v 0.099000 0.045000 0.400000
v 0.105000 0.045000 0.394000
v 0.099000 0.050198 0.396996
v 0.101996 0.050198 0.394000
v 0.101869 0.049420 0.396869
v 0.101996 0.045000 0.399198
v 0.099000 0.047996 0.399198
v 0.101869 0.047869 0.398420
v 0.104198 0.047996 0.394000
v 0.104198 0.045000 0.396996
v 0.103420 0.047869 0.396869
v 0.099000 0.039000 -0.394000
v 0.099000 0.045000 -0.400000
v 0.105000 0.045000 -0.394000
v 0.099000 0.039802 -0.396996
v 0.101996 0.039802 -0.394000
v 0.101869 0.040580 -0.396869
v 0.101996 0.045000 -0.399198
v 0.099000 0.042004 -0.399198
v 0.101869 0.042131 -0.398420
v 0.104198 0.042004 -0.394000
v 0.104198 0.045000 -0.396996
v 0.103420 0.042131 -0.396869
v 0.099000 0.051000 -0.394000
v 0.105000 0.045000 -0.394000
v 0.099000 0.045000 -0.400000
v 0.101996 0.050198 -0.394000
v 0.099000 0.050198 -0.396996
v 0.101869 0.049420 -0.396869
v 0.104198 0.045000 -0.396996
v 0.104198 0.047996 -0.394000
v 0.103420 0.047869 -0.396869
v 0.099000 0.047996 -0.399198
v 0.101996 0.045000 -0.399198
v 0.101869 0.047869 -0.398420
vn -0.2566 -0.9318 0.2566
vn -0.2178 -0.6901 0.6901
vn -0.2566 -0.2566 0.9318
vn -0.6901 -0.2178 0.6901
vn -0.9318 -0.2566 0.2566
vn -0.6901 -0.6901 0.2178
vn -0.5774 -0.5773 0.5774
vn -0.2566 0.2566 0.9318
vn -0.2178 0.6901 0.6901
vn -0.2566 0.9318 0.2566
vn -0.6901 0.6901 0.2178
vn -0.9318 0.2566 0.2566
vn -0.6901 0.2178 0.6901
vn -0.5774 0.5773 0.5774
vn -0.2566 -0.9318 -0.2566
vn -0.6901 -0.6901 -0.2178
vn -0.9318 -0.2566 -0.2566
vn -0.6901 -0.2178 -0.6901
vn -0.2566 -0.2566 -0.9318
vn -0.2178 -0.6901 -0.6901
vn -0.5774 -0.5773 -0.5774
vn -0.2566 0.9318 -0.2566
vn -0.2178 0.6901 -0.6901
vn -0.2566 0.2566 -0.9318
vn -0.6901 0.2178 -0.6901
vn -0.9318 0.2566 -0.2566
vn -0.6901 0.6901 -0.2178
vn -0.5774 0.5773 -0.5774
vn 0.2566 -0.9318 0.2566
vn 0.6901 -0.6901 0.2178
vn 0.9318 -0.2566 0.2566
vn 0.6901 -0.2178 0.6901
vn 0.2566 -0.2566 0.9318
vn 0.2178 -0.6901 0.6901
vn 0.5774 -0.5773 0.5774
vn 0.2566 0.9318 0.2566
vn 0.2178 0.6901 0.6901
vn 0.2566 0.2566 0.9318
vn 0.6901 0.2178 0.6901
vn 0.9318 0.2566 0.2566
vn 0.6901 0.6901 0.2178
vn 0.5774 0.5773 0.5774
vn 0.2566 -0.9318 -0.2566
vn 0.2178 -0.6901 -0.6901
vn 0.2566 -0.2566 -0.9318
vn 0.6901 -0.2178 -0.6901
vn 0.9318 -0.2566 -0.2566
vn 0.6901 -0.6901 -0.2178
vn 0.5774 -0.5773 -0.5774
vn 0.2566 0.9318 -0.2566
vn 0.6901 0.6901 -0.2178
vn 0.9318 0.2566 -0.2566
vn 0.6901 0.2178 -0.6901
vn 0.2566 0.2566 -0.9318
vn 0.2178 0.6901 -0.6901
vn 0.5774 0.5773 -0.5774
vn -0.2585 -0.9660 -0.0000
vn -0.7071 -0.7071 -0.0000
vn -0.9660 -0.2585 -0.0000
vn -0.2585 -0.0000 0.9660
vn -0.7071 -0.0000 0.7071
vn -0.9660 -0.0000 0.2584
vn -0.2585 0.9660 -0.0000
vn -0.7071 0.7071 -0.0000
vn -0.9660 0.2585 -0.0000
vn -0.2585 -0.0000 -0.9660
vn -0.7071 -0.0000 -0.7071
vn -0.9660 -0.0000 -0.2584
vn -0.0000 -0.9660 -0.2584
vn -0.0000 -0.7071 -0.7071
vn -0.0000 -0.2584 -0.9660
vn -0.0000 0.9660 -0.2584
vn -0.0000 0.7071 -0.7071
vn -0.0000 0.2584 -0.9660
vn 0.9660 -0.0000 -0.2585
vn 0.7071 -0.0000 -0.7071
vn 0.2585 -0.0000 -0.9660
vn 0.2585 -0.9660 -0.0000
vn 0.7071 -0.7071 -0.0000
vn 0.9660 -0.2585 -0.0000
vn 0.2585 0.9660 -0.0000
vn 0.7071 0.7071 -0.0000
vn 0.9660 0.2585 -0.0000
vn 0.2585 -0.0000 0.9660
vn 0.7071 -0.0000 0.7071
vn 0.9660 -0.0000 0.2584
vn -0.0000 -0.9660 0.2584
vn -0.0000 -0.7071 0.7071
vn -0.0000 -0.2584 0.9660
vn -0.0000 0.9660 0.2584
vn -0.0000 0.7071 0.7071
vn -0.0000 0.2584 0.9660
vn -0.0000 -1.0000 -0.0000
vn -1.0000 -0.0000 -0.0000
vn -0.0000 -0.0000 1.0000
vn -0.0000 1.0000 -0.0000
vn -0.0000 -0.0000 -1.0000
vn 1.0000 -0.0000 -0.0000
vt 0.132143 0.748125
vt 0.132143 0.749061
vt 0.128727 0.749022
vt 0.128576 0.748125
vt 0.132143 0.750000
vt 0.128727 0.750000
vt 0.500000 0.992857
vt 0.500000 1.000000
vt 0.375000 0.996273
vt 0.375000 0.992857
vt 0.500000 0.000000
vt 0.500000 0.000939
vt 0.375000 0.000978
vt 0.375000 0.000000
vt 0.500000 0.001875
vt 0.375000 0.001875
vt 0.125000 0.748125
vt 0.125000 0.749022
vt 0.500000 0.992857
vt 0.562418 0.992857
vt 0.559776 0.996273
vt 0.625000 0.992857
vt 0.625000 0.996273
vt 0.867857 0.748125
vt 0.875000 0.748125
vt 0.871273 0.750000
vt 0.867857 0.750000
vt 0.625000 0.001875
vt 0.562418 0.001875
vt 0.559776 0.000978
vt 0.625000 0.000000
vt 0.500000 0.000939
vt 0.559776 0.000494
vt 0.559776 0.998119
vt 0.132143 0.501875
vt 0.128576 0.501875
vt 0.128727 0.500978
vt 0.132143 0.500939
vt 0.125000 0.501875
vt 0.125000 0.500978
vt 0.500000 0.248125
vt 0.500000 0.249061
vt 0.375000 0.249022
vt 0.375000 0.248125
vt 0.500000 0.253576
vt 0.375000 0.253727
vt 0.500000 0.257143
vt 0.375000 0.257143
vt 0.132143 0.500000
vt 0.128727 0.500000
vt 0.867857 0.501875
vt 0.867857 0.500000
vt 0.871273 0.500000
vt 0.875000 0.501875
vt 0.625000 0.257143
vt 0.562418 0.257143
vt 0.559776 0.253727
vt 0.625000 0.252485
vt 0.500000 0.249061
vt 0.559776 0.249737
vt 0.500000 0.248125
vt 0.562418 0.248125
vt 0.625000 0.248125
vt 0.367857 0.748125
vt 0.371424 0.748125
vt 0.371273 0.749022
vt 0.367857 0.749061
vt 0.437582 0.748125
vt 0.423447 0.749022
vt 0.500000 0.748125
vt 0.500000 0.749061
vt 0.500000 0.753576
vt 0.373136 0.751863
vt 0.500000 0.757143
vt 0.371429 0.753571
vt 0.632143 0.748125
vt 0.628571 0.753571
vt 0.626863 0.751863
vt 0.628576 0.748125
vt 0.562418 0.757143
vt 0.559776 0.753727
vt 0.500000 0.753576
vt 0.500000 0.749061
vt 0.559776 0.749737
vt 0.500000 0.748125
vt 0.562418 0.748125
vt 0.367857 0.501875
vt 0.367857 0.500939
vt 0.371273 0.500978
vt 0.371424 0.501875
vt 0.371429 0.496429
vt 0.373136 0.498136
vt 0.500000 0.492857
vt 0.500000 0.496424
vt 0.500000 0.500939
vt 0.423447 0.500978
vt 0.500000 0.501875
vt 0.437582 0.501875
vt 0.632143 0.501875
vt 0.628576 0.501875
vt 0.610403 0.499802
vt 0.628571 0.496429
vt 0.562418 0.501875
vt 0.559776 0.500978
vt 0.500000 0.500939
vt 0.500000 0.496424
vt 0.559776 0.497328
vt 0.500000 0.492857
vt 0.562418 0.492857
s 0
usemtl Mat_GripTape
f 1/1/1 4/2/1 6/3/1 5/4/1
f 4/2/2 8/5/2 9/6/2 6/3/2
f 2/7/3 7/8/3 9/9/3 8/10/3
f 7/11/4 11/12/4 12/13/4 9/14/4
f 3/15/5 10/16/5 12/13/5 11/12/5
f 10/17/6 5/4/6 6/3/6 12/18/6
f 6/3/7 9/6/7 12/18/7
f 13/19/8 16/20/8 18/21/8 17/8/8
f 16/20/9 20/22/9 21/23/9 18/21/9
f 14/24/10 19/25/10 21/26/10 20/27/10
f 19/28/11 23/29/11 24/30/11 21/31/11
f 15/15/12 22/32/12 24/30/12 23/29/12
f 22/32/13 17/11/13 18/33/13 24/30/13
f 18/21/14 21/23/14 24/34/14
f 25/35/15 28/36/15 30/37/15 29/38/15
f 28/36/16 32/39/16 33/40/16 30/37/16
f 26/41/17 31/42/17 33/43/17 32/44/17
f 31/42/18 35/45/18 36/46/18 33/43/18
f 27/47/19 34/48/19 36/46/19 35/45/19
f 34/49/20 29/38/20 30/37/20 36/50/20
f 30/37/21 33/40/21 36/50/21
f 37/51/22 40/52/22 42/53/22 41/54/22
f 40/55/23 44/56/23 45/57/23 42/58/23
f 38/47/24 43/45/24 45/57/24 44/56/24
f 43/45/25 47/59/25 48/60/25 45/57/25
f 39/61/26 46/62/26 48/60/26 47/59/26
f 46/62/27 41/63/27 42/58/27 48/60/27
f 42/58/28 45/57/28 48/60/28
f 49/64/29 52/65/29 54/66/29 53/67/29
f 52/65/30 56/68/30 57/69/30 54/66/30
f 50/70/31 55/71/31 57/69/31 56/68/31
f 55/71/32 59/72/32 60/73/32 57/69/32
f 51/74/33 58/75/33 60/73/33 59/72/33
f 58/75/34 53/67/34 54/66/34 60/73/34
f 54/66/35 57/69/35 60/73/35
f 61/76/36 64/77/36 66/78/36 65/79/36
f 64/77/37 68/80/37 69/81/37 66/78/37
f 62/74/38 67/82/38 69/81/38 68/80/38
f 67/82/39 71/83/39 72/84/39 69/81/39
f 63/85/40 70/86/40 72/84/40 71/83/40
f 70/86/41 65/79/41 66/78/41 72/84/41
f 66/78/42 69/81/42 72/84/42
f 73/87/43 76/88/43 78/89/43 77/90/43
f 76/88/44 80/91/44 81/92/44 78/89/44
f 74/93/45 79/94/45 81/92/45 80/91/45
f 79/94/46 83/95/46 84/96/46 81/92/46
f 75/97/47 82/98/47 84/96/47 83/95/47
f 82/98/48 77/90/48 78/89/48 84/96/48
f 78/89/49 81/92/49 84/96/49
f 85/99/50 88/100/50 90/101/50 89/102/50
f 88/100/51 92/103/51 93/104/51 90/101/51
f 86/97/52 91/105/52 93/104/52 92/103/52
f 91/105/53 95/106/53 96/107/53 93/104/53
f 87/108/54 94/109/54 96/107/54 95/106/54
f 94/109/55 89/102/55 90/101/55 96/107/55
f 90/101/56 93/104/56 96/107/56
f 25/35/57 1/1/57 5/4/57 28/36/57
f 28/36/58 5/4/58 10/17/58 32/39/58
f 32/44/59 10/16/59 3/15/59 26/41/59
f 2/7/60 13/19/60 17/8/60 7/8/60
f 7/11/61 17/11/61 22/32/61 11/12/61
f 11/12/62 22/32/62 15/15/62 3/15/62
f 14/24/63 37/51/63 41/54/63 19/25/63
f 19/28/64 41/63/64 46/62/64 23/29/64
f 23/29/65 46/62/65 39/61/65 15/15/65
f 38/47/66 27/47/66 35/45/66 43/45/66
f 43/45/67 35/45/67 31/42/67 47/59/67
f 47/59/68 31/42/68 26/41/68 39/61/68
f 73/87/69 25/35/69 29/38/69 76/88/69
f 76/88/70 29/38/70 34/49/70 80/91/70
f 80/91/71 34/48/71 27/47/71 74/93/71
f 37/51/72 85/99/72 89/102/72 40/52/72
f 40/55/73 89/102/73 94/109/73 44/56/73
f 44/56/74 94/109/74 87/108/74 38/47/74
f 86/97/75 75/97/75 83/95/75 91/105/75
f 91/105/76 83/95/76 79/94/76 95/106/76
f 95/106/77 79/94/77 74/93/77 87/108/77
f 49/64/78 73/87/78 77/90/78 52/65/78
f 52/65/79 77/90/79 82/98/79 56/68/79
f 56/68/80 82/98/80 75/97/80 50/70/80
f 85/99/81 61/76/81 65/79/81 88/100/81
f 88/100/82 65/79/82 70/86/82 92/103/82
f 92/103/83 70/86/83 63/85/83 86/97/83
f 62/74/84 51/74/84 59/72/84 67/82/84
f 67/82/85 59/72/85 55/71/85 71/83/85
f 71/83/86 55/71/86 50/70/86 63/85/86
f 1/1/87 49/64/87 53/67/87 4/2/87
f 4/2/88 53/67/88 58/75/88 8/5/88
f 8/10/89 58/75/89 51/74/89 2/7/89
f 61/76/90 14/24/90 20/27/90 64/77/90
f 64/77/91 20/22/91 16/20/91 68/80/91
f 68/80/92 16/20/92 13/19/92 62/74/92
f 25/35/93 73/87/93 49/64/93 1/1/93
f 3/15/94 15/15/94 39/61/94 26/41/94
f 51/74/95 62/74/95 13/19/95 2/7/95
f 85/99/96 37/51/96 14/24/96 61/76/96
f 27/47/97 38/47/97 87/108/97 74/93/97
f 75/97/98 86/97/98 63/85/98 50/70/98
o Truck_Baseplate_Front
v -0.035000 0.027000 -0.185000
v -0.035000 0.037000 -0.185000
v -0.035000 0.027000 -0.255000
v -0.035000 0.037000 -0.255000
v 0.035000 0.027000 -0.185000
v 0.035000 0.037000 -0.185000
v 0.035000 0.027000 -0.255000
v 0.035000 0.037000 -0.255000
vn -1.0000 -0.0000 -0.0000
vn -0.0000 -0.0000 -1.0000
vn 1.0000 -0.0000 -0.0000
vn -0.0000 -0.0000 1.0000
vn -0.0000 -1.0000 -0.0000
vn -0.0000 1.0000 -0.0000
vt 0.375000 0.000000
vt 0.625000 0.000000
vt 0.625000 0.250000
vt 0.375000 0.250000
vt 0.625000 0.500000
vt 0.375000 0.500000
vt 0.625000 0.750000
vt 0.375000 0.750000
vt 0.625000 1.000000
vt 0.375000 1.000000
vt 0.125000 0.500000
vt 0.125000 0.750000
vt 0.875000 0.500000
vt 0.875000 0.750000
s 0
usemtl Mat_TruckMetal
f 97/110/99 98/111/99 100/112/99 99/113/99
f 99/113/100 100/112/100 104/114/100 103/115/100
f 103/115/101 104/114/101 102/116/101 101/117/101
f 101/117/102 102/116/102 98/118/102 97/119/102
f 99/120/103 103/115/103 101/117/103 97/121/103
f 104/114/104 100/122/104 98/123/104 102/116/104
o Truck_Hanger_Front
v -0.095000 0.020000 -0.228000
v 0.095000 0.020000 -0.228000
v -0.095000 0.018439 -0.227846
v 0.095000 0.018439 -0.227846
v -0.095000 0.016939 -0.227391
v 0.095000 0.016939 -0.227391
v -0.095000 0.015555 -0.226652
v 0.095000 0.015555 -0.226652
v -0.095000 0.014343 -0.225657
v 0.095000 0.014343 -0.225657
v -0.095000 0.013348 -0.224445
v 0.095000 0.013348 -0.224445
v -0.095000 0.012609 -0.223061
v 0.095000 0.012609 -0.223061
v -0.095000 0.012154 -0.221561
v 0.095000 0.012154 -0.221561
v -0.095000 0.012000 -0.220000
v 0.095000 0.012000 -0.220000
v -0.095000 0.012154 -0.218439
v 0.095000 0.012154 -0.218439
v -0.095000 0.012609 -0.216939
v 0.095000 0.012609 -0.216939
v -0.095000 0.013348 -0.215555
v 0.095000 0.013348 -0.215555
v -0.095000 0.014343 -0.214343
v 0.095000 0.014343 -0.214343
v -0.095000 0.015555 -0.213348
v 0.095000 0.015555 -0.213348
v -0.095000 0.016939 -0.212609
v 0.095000 0.016939 -0.212609
v -0.095000 0.018439 -0.212154
v 0.095000 0.018439 -0.212154
v -0.095000 0.020000 -0.212000
v 0.095000 0.020000 -0.212000
v -0.095000 0.021561 -0.212154
v 0.095000 0.021561 -0.212154
v -0.095000 0.023061 -0.212609
v 0.095000 0.023061 -0.212609
v -0.095000 0.024445 -0.213348
v 0.095000 0.024445 -0.213348
v -0.095000 0.025657 -0.214343
v 0.095000 0.025657 -0.214343
v -0.095000 0.026652 -0.215555
v 0.095000 0.026652 -0.215555
v -0.095000 0.027391 -0.216939
v 0.095000 0.027391 -0.216939
v -0.095000 0.027846 -0.218439
v 0.095000 0.027846 -0.218439
v -0.095000 0.028000 -0.220000
v 0.095000 0.028000 -0.220000
v -0.095000 0.027846 -0.221561
v 0.095000 0.027846 -0.221561
v -0.095000 0.027391 -0.223061
v 0.095000 0.027391 -0.223061
v -0.095000 0.026652 -0.224445
v 0.095000 0.026652 -0.224445
v -0.095000 0.025657 -0.225657
v 0.095000 0.025657 -0.225657
v -0.095000 0.024445 -0.226652
v 0.095000 0.024445 -0.226652
v -0.095000 0.023061 -0.227391
v 0.095000 0.023061 -0.227391
v -0.095000 0.021561 -0.227846
v 0.095000 0.021561 -0.227846
vn -0.0000 -0.0980 -0.9952
vn -0.0000 -0.2903 -0.9569
vn -0.0000 -0.4714 -0.8819
vn -0.0000 -0.6344 -0.7730
vn -0.0000 -0.7730 -0.6344
vn -0.0000 -0.8819 -0.4714
vn -0.0000 -0.9569 -0.2903
vn -0.0000 -0.9952 -0.0980
vn -0.0000 -0.9952 0.0980
vn -0.0000 -0.9569 0.2903
vn -0.0000 -0.8819 0.4714
vn -0.0000 -0.7730 0.6344
vn -0.0000 -0.6344 0.7730
vn -0.0000 -0.4714 0.8819
vn -0.0000 -0.2903 0.9569
vn -0.0000 -0.0980 0.9952
vn -0.0000 0.0980 0.9952
vn -0.0000 0.2903 0.9569
vn -0.0000 0.4714 0.8819
vn -0.0000 0.6344 0.7730
vn -0.0000 0.7730 0.6344
vn -0.0000 0.8819 0.4714
vn -0.0000 0.9569 0.2903
vn -0.0000 0.9952 0.0980
vn -0.0000 0.9952 -0.0980
vn -0.0000 0.9569 -0.2903
vn -0.0000 0.8819 -0.4714
vn -0.0000 0.7730 -0.6344
vn -0.0000 0.6344 -0.7730
vn -0.0000 0.4714 -0.8819
vn 1.0000 -0.0000 -0.0000
vn -0.0000 0.2903 -0.9569
vn -0.0000 0.0980 -0.9952
vn -1.0000 -0.0000 -0.0000
vt 1.000000 0.500000
vt 1.000000 1.000000
vt 0.968750 1.000000
vt 0.968750 0.500000
vt 0.937500 1.000000
vt 0.937500 0.500000
vt 0.906250 1.000000
vt 0.906250 0.500000
vt 0.875000 1.000000
vt 0.875000 0.500000
vt 0.843750 1.000000
vt 0.843750 0.500000
vt 0.812500 1.000000
vt 0.812500 0.500000
vt 0.781250 1.000000
vt 0.781250 0.500000
vt 0.750000 1.000000
vt 0.750000 0.500000
vt 0.718750 1.000000
vt 0.718750 0.500000
vt 0.687500 1.000000
vt 0.687500 0.500000
vt 0.656250 1.000000
vt 0.656250 0.500000
vt 0.625000 1.000000
vt 0.625000 0.500000
vt 0.593750 1.000000
vt 0.593750 0.500000
vt 0.562500 1.000000
vt 0.562500 0.500000
vt 0.531250 1.000000
vt 0.531250 0.500000
vt 0.500000 1.000000
vt 0.500000 0.500000
vt 0.468750 1.000000
vt 0.468750 0.500000
vt 0.437500 1.000000
vt 0.437500 0.500000
vt 0.406250 1.000000
vt 0.406250 0.500000
vt 0.375000 1.000000
vt 0.375000 0.500000
vt 0.343750 1.000000
vt 0.343750 0.500000
vt 0.312500 1.000000
vt 0.312500 0.500000
vt 0.281250 1.000000
vt 0.281250 0.500000
vt 0.250000 1.000000
vt 0.250000 0.500000
vt 0.218750 1.000000
vt 0.218750 0.500000
vt 0.187500 1.000000
vt 0.187500 0.500000
vt 0.156250 1.000000
vt 0.156250 0.500000
vt 0.125000 1.000000
vt 0.125000 0.500000
vt 0.093750 1.000000
vt 0.093750 0.500000
vt 0.062500 1.000000
vt 0.062500 0.500000
vt 0.296822 0.485388
vt 0.250000 0.490000
vt 0.203178 0.485388
vt 0.158156 0.471731
vt 0.116663 0.449553
vt 0.080294 0.419706
vt 0.050447 0.383337
vt 0.028269 0.341844
vt 0.014612 0.296822
vt 0.010000 0.250000
vt 0.014612 0.203178
vt 0.028269 0.158156
vt 0.050447 0.116663
vt 0.080294 0.080294
vt 0.116663 0.050447
vt 0.158156 0.028269
vt 0.203178 0.014612
vt 0.250000 0.010000
vt 0.296822 0.014612
vt 0.341844 0.028269
vt 0.383337 0.050447
vt 0.419706 0.080294
vt 0.449553 0.116663
vt 0.471731 0.158156
vt 0.485388 0.203178
vt 0.490000 0.250000
vt 0.485388 0.296822
vt 0.471731 0.341844
vt 0.449553 0.383337
vt 0.419706 0.419706
vt 0.383337 0.449553
vt 0.341844 0.471731
vt 0.031250 1.000000
vt 0.031250 0.500000
vt 0.000000 1.000000
vt 0.000000 0.500000
vt 0.750000 0.490000
vt 0.796822 0.485388
vt 0.841844 0.471731
vt 0.883337 0.449553
vt 0.919706 0.419706
vt 0.949553 0.383337
vt 0.971731 0.341844
vt 0.985388 0.296822
vt 0.990000 0.250000
vt 0.985388 0.203178
vt 0.971731 0.158156
vt 0.949553 0.116663
vt 0.919706 0.080294
vt 0.883337 0.050447
vt 0.841844 0.028269
vt 0.796822 0.014612
vt 0.750000 0.010000
vt 0.703178 0.014612
vt 0.658156 0.028269
vt 0.616663 0.050447
vt 0.580294 0.080294
vt 0.550447 0.116663
vt 0.528269 0.158156
vt 0.514612 0.203178
vt 0.510000 0.250000
vt 0.514612 0.296822
vt 0.528269 0.341844
vt 0.550447 0.383337
vt 0.580294 0.419706
vt 0.616663 0.449553
vt 0.658156 0.471731
vt 0.703178 0.485388
s 0
usemtl Mat_TruckMetal
f 105/124/105 106/125/105 108/126/105 107/127/105
f 107/127/106 108/126/106 110/128/106 109/129/106
f 109/129/107 110/128/107 112/130/107 111/131/107
f 111/131/108 112/130/108 114/132/108 113/133/108
f 113/133/109 114/132/109 116/134/109 115/135/109
f 115/135/110 116/134/110 118/136/110 117/137/110
f 117/137/111 118/136/111 120/138/111 119/139/111
f 119/139/112 120/138/112 122/140/112 121/141/112
f 121/141/113 122/140/113 124/142/113 123/143/113
f 123/143/114 124/142/114 126/144/114 125/145/114
f 125/145/115 126/144/115 128/146/115 127/147/115
f 127/147/116 128/146/116 130/148/116 129/149/116
f 129/149/117 130/148/117 132/150/117 131/151/117
f 131/151/118 132/150/118 134/152/118 133/153/118
f 133/153/119 134/152/119 136/154/119 135/155/119
f 135/155/120 136/154/120 138/156/120 137/157/120
f 137/157/121 138/156/121 140/158/121 139/159/121
f 139/159/122 140/158/122 142/160/122 141/161/122
f 141/161/123 142/160/123 144/162/123 143/163/123
f 143/163/124 144/162/124 146/164/124 145/165/124
f 145/165/125 146/164/125 148/166/125 147/167/125
f 147/167/126 148/166/126 150/168/126 149/169/126
f 149/169/127 150/168/127 152/170/127 151/171/127
f 151/171/128 152/170/128 154/172/128 153/173/128
f 153/173/129 154/172/129 156/174/129 155/175/129
f 155/175/130 156/174/130 158/176/130 157/177/130
f 157/177/131 158/176/131 160/178/131 159/179/131
f 159/179/132 160/178/132 162/180/132 161/181/132
f 161/181/133 162/180/133 164/182/133 163/183/133
f 163/183/134 164/182/134 166/184/134 165/185/134
f 108/186/135 106/187/135 168/188/135 166/189/135 164/190/135 162/191/135 160/192/135 158/193/135 156/194/135 154/195/135 152/196/135 150/197/135 148/198/135 146/199/135 144/200/135 142/201/135 140/202/135 138/203/135 136/204/135 134/205/135 132/206/135 130/207/135 128/208/135 126/209/135 124/210/135 122/211/135 120/212/135 118/213/135 116/214/135 114/215/135 112/216/135 110/217/135
f 165/185/136 166/184/136 168/218/136 167/219/136
f 167/219/137 168/218/137 106/220/137 105/221/137
f 105/222/138 107/223/138 109/224/138 111/225/138 113/226/138 115/227/138 117/228/138 119/229/138 121/230/138 123/231/138 125/232/138 127/233/138 129/234/138 131/235/138 133/236/138 135/237/138 137/238/138 139/239/138 141/240/138 143/241/138 145/242/138 147/243/138 149/244/138 151/245/138 153/246/138 155/247/138 157/248/138 159/249/138 161/250/138 163/251/138 165/252/138 167/253/138
o Truck_Baseplate_Rear
v -0.035000 0.027000 0.255000
v -0.035000 0.037000 0.255000
v -0.035000 0.027000 0.185000
v -0.035000 0.037000 0.185000
v 0.035000 0.027000 0.255000
v 0.035000 0.037000 0.255000
v 0.035000 0.027000 0.185000
v 0.035000 0.037000 0.185000
vn -1.0000 -0.0000 -0.0000
vn -0.0000 -0.0000 -1.0000
vn 1.0000 -0.0000 -0.0000
vn -0.0000 -0.0000 1.0000
vn -0.0000 -1.0000 -0.0000
vn -0.0000 1.0000 -0.0000
vt 0.375000 0.000000
vt 0.625000 0.000000
vt 0.625000 0.250000
vt 0.375000 0.250000
vt 0.625000 0.500000
vt 0.375000 0.500000
vt 0.625000 0.750000
vt 0.375000 0.750000
vt 0.625000 1.000000
vt 0.375000 1.000000
vt 0.125000 0.500000
vt 0.125000 0.750000
vt 0.875000 0.500000
vt 0.875000 0.750000
s 0
usemtl Mat_TruckMetal
f 169/254/139 170/255/139 172/256/139 171/257/139
f 171/257/140 172/256/140 176/258/140 175/259/140
f 175/259/141 176/258/141 174/260/141 173/261/141
f 173/261/142 174/260/142 170/262/142 169/263/142
f 171/264/143 175/259/143 173/261/143 169/265/143
f 176/258/144 172/266/144 170/267/144 174/260/144
o Truck_Hanger_Rear
v -0.095000 0.020000 0.212000
v 0.095000 0.020000 0.212000
v -0.095000 0.018439 0.212154
v 0.095000 0.018439 0.212154
v -0.095000 0.016939 0.212609
v 0.095000 0.016939 0.212609
v -0.095000 0.015555 0.213348
v 0.095000 0.015555 0.213348
v -0.095000 0.014343 0.214343
v 0.095000 0.014343 0.214343
v -0.095000 0.013348 0.215555
v 0.095000 0.013348 0.215555
v -0.095000 0.012609 0.216939
v 0.095000 0.012609 0.216939
v -0.095000 0.012154 0.218439
v 0.095000 0.012154 0.218439
v -0.095000 0.012000 0.220000
v 0.095000 0.012000 0.220000
v -0.095000 0.012154 0.221561
v 0.095000 0.012154 0.221561
v -0.095000 0.012609 0.223061
v 0.095000 0.012609 0.223061
v -0.095000 0.013348 0.224445
v 0.095000 0.013348 0.224445
v -0.095000 0.014343 0.225657
v 0.095000 0.014343 0.225657
v -0.095000 0.015555 0.226652
v 0.095000 0.015555 0.226652
v -0.095000 0.016939 0.227391
v 0.095000 0.016939 0.227391
v -0.095000 0.018439 0.227846
v 0.095000 0.018439 0.227846
v -0.095000 0.020000 0.228000
v 0.095000 0.020000 0.228000
v -0.095000 0.021561 0.227846
v 0.095000 0.021561 0.227846
v -0.095000 0.023061 0.227391
v 0.095000 0.023061 0.227391
v -0.095000 0.024445 0.226652
v 0.095000 0.024445 0.226652
v -0.095000 0.025657 0.225657
v 0.095000 0.025657 0.225657
v -0.095000 0.026652 0.224445
v 0.095000 0.026652 0.224445
v -0.095000 0.027391 0.223061
v 0.095000 0.027391 0.223061
v -0.095000 0.027846 0.221561
v 0.095000 0.027846 0.221561
v -0.095000 0.028000 0.220000
v 0.095000 0.028000 0.220000
v -0.095000 0.027846 0.218439
v 0.095000 0.027846 0.218439
v -0.095000 0.027391 0.216939
v 0.095000 0.027391 0.216939
v -0.095000 0.026652 0.215555
v 0.095000 0.026652 0.215555
v -0.095000 0.025657 0.214343
v 0.095000 0.025657 0.214343
v -0.095000 0.024445 0.213348
v 0.095000 0.024445 0.213348
v -0.095000 0.023061 0.212609
v 0.095000 0.023061 0.212609
v -0.095000 0.021561 0.212154
v 0.095000 0.021561 0.212154
vn -0.0000 -0.0980 -0.9952
vn -0.0000 -0.2903 -0.9569
vn -0.0000 -0.4714 -0.8819
vn -0.0000 -0.6344 -0.7730
vn -0.0000 -0.7730 -0.6344
vn -0.0000 -0.8819 -0.4714
vn -0.0000 -0.9569 -0.2903
vn -0.0000 -0.9952 -0.0980
vn -0.0000 -0.9952 0.0980
vn -0.0000 -0.9569 0.2903
vn -0.0000 -0.8819 0.4714
vn -0.0000 -0.7730 0.6344
vn -0.0000 -0.6344 0.7730
vn -0.0000 -0.4714 0.8819
vn -0.0000 -0.2903 0.9569
vn -0.0000 -0.0980 0.9952
vn -0.0000 0.0980 0.9952
vn -0.0000 0.2903 0.9569
vn -0.0000 0.4714 0.8819
vn -0.0000 0.6344 0.7730
vn -0.0000 0.7730 0.6344
vn -0.0000 0.8819 0.4714
vn -0.0000 0.9569 0.2903
vn -0.0000 0.9952 0.0980
vn -0.0000 0.9952 -0.0980
vn -0.0000 0.9569 -0.2903
vn -0.0000 0.8819 -0.4714
vn -0.0000 0.7730 -0.6344
vn -0.0000 0.6344 -0.7730
vn -0.0000 0.4714 -0.8819
vn 1.0000 -0.0000 -0.0000
vn -0.0000 0.2903 -0.9569
vn -0.0000 0.0980 -0.9952
vn -1.0000 -0.0000 -0.0000
vt 1.000000 0.500000
vt 1.000000 1.000000
vt 0.968750 1.000000
vt 0.968750 0.500000
vt 0.937500 1.000000
vt 0.937500 0.500000
vt 0.906250 1.000000
vt 0.906250 0.500000
vt 0.875000 1.000000
vt 0.875000 0.500000
vt 0.843750 1.000000
vt 0.843750 0.500000
vt 0.812500 1.000000
vt 0.812500 0.500000
vt 0.781250 1.000000
vt 0.781250 0.500000
vt 0.750000 1.000000
vt 0.750000 0.500000
vt 0.718750 1.000000
vt 0.718750 0.500000
vt 0.687500 1.000000
vt 0.687500 0.500000
vt 0.656250 1.000000
vt 0.656250 0.500000
vt 0.625000 1.000000
vt 0.625000 0.500000
vt 0.593750 1.000000
vt 0.593750 0.500000
vt 0.562500 1.000000
vt 0.562500 0.500000
vt 0.531250 1.000000
vt 0.531250 0.500000
vt 0.500000 1.000000
vt 0.500000 0.500000
vt 0.468750 1.000000
vt 0.468750 0.500000
vt 0.437500 1.000000
vt 0.437500 0.500000
vt 0.406250 1.000000
vt 0.406250 0.500000
vt 0.375000 1.000000
vt 0.375000 0.500000
vt 0.343750 1.000000
vt 0.343750 0.500000
vt 0.312500 1.000000
vt 0.312500 0.500000
vt 0.281250 1.000000
vt 0.281250 0.500000
vt 0.250000 1.000000
vt 0.250000 0.500000
vt 0.218750 1.000000
vt 0.218750 0.500000
vt 0.187500 1.000000
vt 0.187500 0.500000
vt 0.156250 1.000000
vt 0.156250 0.500000
vt 0.125000 1.000000
vt 0.125000 0.500000
vt 0.093750 1.000000
vt 0.093750 0.500000
vt 0.062500 1.000000
vt 0.062500 0.500000
vt 0.296822 0.485388
vt 0.250000 0.490000
vt 0.203178 0.485388
vt 0.158156 0.471731
vt 0.116663 0.449553
vt 0.080294 0.419706
vt 0.050447 0.383337
vt 0.028269 0.341844
vt 0.014612 0.296822
vt 0.010000 0.250000
vt 0.014612 0.203178
vt 0.028269 0.158156
vt 0.050447 0.116663
vt 0.080294 0.080294
vt 0.116663 0.050447
vt 0.158156 0.028269
vt 0.203178 0.014612
vt 0.250000 0.010000
vt 0.296822 0.014612
vt 0.341844 0.028269
vt 0.383337 0.050447
vt 0.419706 0.080294
vt 0.449553 0.116663
vt 0.471731 0.158156
vt 0.485388 0.203178
vt 0.490000 0.250000
vt 0.485388 0.296822
vt 0.471731 0.341844
vt 0.449553 0.383337
vt 0.419706 0.419706
vt 0.383337 0.449553
vt 0.341844 0.471731
vt 0.031250 1.000000
vt 0.031250 0.500000
vt 0.000000 1.000000
vt 0.000000 0.500000
vt 0.750000 0.490000
vt 0.796822 0.485388
vt 0.841844 0.471731
vt 0.883337 0.449553
vt 0.919706 0.419706
vt 0.949553 0.383337
vt 0.971731 0.341844
vt 0.985388 0.296822
vt 0.990000 0.250000
vt 0.985388 0.203178
vt 0.971731 0.158156
vt 0.949553 0.116663
vt 0.919706 0.080294
vt 0.883337 0.050447
vt 0.841844 0.028269
vt 0.796822 0.014612
vt 0.750000 0.010000
vt 0.703178 0.014612
vt 0.658156 0.028269
vt 0.616663 0.050447
vt 0.580294 0.080294
vt 0.550447 0.116663
vt 0.528269 0.158156
vt 0.514612 0.203178
vt 0.510000 0.250000
vt 0.514612 0.296822
vt 0.528269 0.341844
vt 0.550447 0.383337
vt 0.580294 0.419706
vt 0.616663 0.449553
vt 0.658156 0.471731
vt 0.703178 0.485388
s 0
usemtl Mat_TruckMetal
f 177/268/145 178/269/145 180/270/145 179/271/145
f 179/271/146 180/270/146 182/272/146 181/273/146
f 181/273/147 182/272/147 184/274/147 183/275/147
f 183/275/148 184/274/148 186/276/148 185/277/148
f 185/277/149 186/276/149 188/278/149 187/279/149
f 187/279/150 188/278/150 190/280/150 189/281/150
f 189/281/151 190/280/151 192/282/151 191/283/151
f 191/283/152 192/282/152 194/284/152 193/285/152
f 193/285/153 194/284/153 196/286/153 195/287/153
f 195/287/154 196/286/154 198/288/154 197/289/154
f 197/289/155 198/288/155 200/290/155 199/291/155
f 199/291/156 200/290/156 202/292/156 201/293/156
f 201/293/157 202/292/157 204/294/157 203/295/157
f 203/295/158 204/294/158 206/296/158 205/297/158
f 205/297/159 206/296/159 208/298/159 207/299/159
f 207/299/160 208/298/160 210/300/160 209/301/160
f 209/301/161 210/300/161 212/302/161 211/303/161
f 211/303/162 212/302/162 214/304/162 213/305/162
f 213/305/163 214/304/163 216/306/163 215/307/163
f 215/307/164 216/306/164 218/308/164 217/309/164
f 217/309/165 218/308/165 220/310/165 219/311/165
f 219/311/166 220/310/166 222/312/166 221/313/166
f 221/313/167 222/312/167 224/314/167 223/315/167
f 223/315/168 224/314/168 226/316/168 225/317/168
f 225/317/169 226/316/169 228/318/169 227/319/169
f 227/319/170 228/318/170 230/320/170 229/321/170
f 229/321/171 230/320/171 232/322/171 231/323/171
f 231/323/172 232/322/172 234/324/172 233/325/172
f 233/325/173 234/324/173 236/326/173 235/327/173
f 235/327/174 236/326/174 238/328/174 237/329/174
f 180/330/175 178/331/175 240/332/175 238/333/175 236/334/175 234/335/175 232/336/175 230/337/175 228/338/175 226/339/175 224/340/175 222/341/175 220/342/175 218/343/175 216/344/175 214/345/175 212/346/175 210/347/175 208/348/175 206/349/175 204/350/175 202/351/175 200/352/175 198/353/175 196/354/175 194/355/175 192/356/175 190/357/175 188/358/175 186/359/175 184/360/175 182/361/175
f 237/329/176 238/328/176 240/362/176 239/363/176
f 239/363/177 240/362/177 178/364/177 177/365/177
f 177/366/178 179/367/178 181/368/178 183/369/178 185/370/178 187/371/178 189/372/178 191/373/178 193/374/178 195/375/178 197/376/178 199/377/178 201/378/178 203/379/178 205/380/178 207/381/178 209/382/178 211/383/178 213/384/178 215/385/178 217/386/178 219/387/178 221/388/178 223/389/178 225/390/178 227/391/178 229/392/178 231/393/178 233/394/178 235/395/178 237/396/178 239/397/178
o Wheel_Front_Left
v -0.121000 0.027000 -0.242981
v -0.117000 0.027000 -0.247000
v -0.119828 0.027000 -0.245823
v -0.089000 0.027000 -0.242981
v -0.093000 0.027000 -0.247000
v -0.090172 0.027000 -0.245823
v -0.121000 0.022517 -0.242539
v -0.117000 0.021733 -0.246481
v -0.119828 0.021962 -0.245327
v -0.089000 0.022517 -0.242539
v -0.093000 0.021733 -0.246481
v -0.090172 0.021962 -0.245327
v -0.121000 0.018206 -0.241231
v -0.117000 0.016668 -0.244945
v -0.119828 0.017118 -0.243857
v -0.089000 0.018206 -0.241231
v -0.093000 0.016668 -0.244945
v -0.090172 0.017118 -0.243857
v -0.121000 0.014233 -0.239108
v -0.117000 0.012000 -0.242450
v -0.119828 0.012654 -0.241471
v -0.089000 0.014233 -0.239108
v -0.093000 0.012000 -0.242450
v -0.090172 0.012654 -0.241471
v -0.121000 0.010750 -0.236250
v -0.117000 0.007908 -0.239092
v -0.119828 0.008741 -0.238259
v -0.089000 0.010750 -0.236250
v -0.093000 0.007908 -0.239092
v -0.090172 0.008741 -0.238259
v -0.121000 0.007892 -0.232767
v -0.117000 0.004550 -0.235000
v -0.119828 0.005529 -0.234346
v -0.089000 0.007892 -0.232767
v -0.093000 0.004550 -0.235000
v -0.090172 0.005529 -0.234346
v -0.121000 0.005769 -0.228794
v -0.117000 0.002055 -0.230332
v -0.119828 0.003143 -0.229882
v -0.089000 0.005769 -0.228794
v -0.093000 0.002055 -0.230332
v -0.090172 0.003143 -0.229882
v -0.121000 0.004461 -0.224483
v -0.117000 0.000519 -0.225267
v -0.119828 0.001673 -0.225038
v -0.089000 0.004461 -0.224483
v -0.093000 0.000519 -0.225267
v -0.090172 0.001673 -0.225038
v -0.121000 0.004019 -0.220000
v -0.117000 0.000000 -0.220000
v -0.119828 0.001177 -0.220000
v -0.089000 0.004019 -0.220000
v -0.093000 0.000000 -0.220000
v -0.090172 0.001177 -0.220000
v -0.121000 0.004461 -0.215517
v -0.117000 0.000519 -0.214733
v -0.119828 0.001673 -0.214962
v -0.089000 0.004461 -0.215517
v -0.093000 0.000519 -0.214733
v -0.090172 0.001673 -0.214962
v -0.121000 0.005769 -0.211206
v -0.117000 0.002055 -0.209668
v -0.119828 0.003143 -0.210118
v -0.089000 0.005769 -0.211206
v -0.093000 0.002055 -0.209668
v -0.090172 0.003143 -0.210118
v -0.121000 0.007892 -0.207233
v -0.117000 0.004550 -0.205000
v -0.119828 0.005529 -0.205654
v -0.089000 0.007892 -0.207233
v -0.093000 0.004550 -0.205000
v -0.090172 0.005529 -0.205654
v -0.121000 0.010750 -0.203750
v -0.117000 0.007908 -0.200908
v -0.119828 0.008741 -0.201741
v -0.089000 0.010750 -0.203750
v -0.093000 0.007908 -0.200908
v -0.090172 0.008741 -0.201741
v -0.121000 0.014233 -0.200892
v -0.117000 0.012000 -0.197550
v -0.119828 0.012654 -0.198529
v -0.089000 0.014233 -0.200892
v -0.093000 0.012000 -0.197550
v -0.090172 0.012654 -0.198529
v -0.121000 0.018206 -0.198769
v -0.117000 0.016668 -0.195055
v -0.119828 0.017118 -0.196143
v -0.089000 0.018206 -0.198769
v -0.093000 0.016668 -0.195055
v -0.090172 0.017118 -0.196143
v -0.121000 0.022517 -0.197461
v -0.117000 0.021733 -0.193519
v -0.119828 0.021962 -0.194673
v -0.089000 0.022517 -0.197461
v -0.093000 0.021733 -0.193519
v -0.090172 0.021962 -0.194673
v -0.121000 0.027000 -0.197019
v -0.117000 0.027000 -0.193000
v -0.119828 0.027000 -0.194177
v -0.089000 0.027000 -0.197019
v -0.093000 0.027000 -0.193000
v -0.090172 0.027000 -0.194177
v -0.121000 0.031483 -0.197461
v -0.117000 0.032267 -0.193519
v -0.119828 0.032038 -0.194673
v -0.089000 0.031483 -0.197461
v -0.093000 0.032267 -0.193519
v -0.090172 0.032038 -0.194673
v -0.121000 0.035794 -0.198769
v -0.117000 0.037332 -0.195055
v -0.119828 0.036882 -0.196143
v -0.089000 0.035794 -0.198769
v -0.093000 0.037332 -0.195055
v -0.090172 0.036882 -0.196143
v -0.121000 0.039767 -0.200892
v -0.117000 0.042000 -0.197550
v -0.119828 0.041346 -0.198529
v -0.089000 0.039767 -0.200892
v -0.093000 0.042000 -0.197550
v -0.090172 0.041346 -0.198529
v -0.121000 0.043250 -0.203750
v -0.117000 0.046092 -0.200908
v -0.119828 0.045259 -0.201741
v -0.089000 0.043250 -0.203750
v -0.093000 0.046092 -0.200908
v -0.090172 0.045259 -0.201741
v -0.121000 0.046108 -0.207233
v -0.117000 0.049450 -0.205000
v -0.119828 0.048471 -0.205654
v -0.089000 0.046108 -0.207233
v -0.093000 0.049450 -0.205000
v -0.090172 0.048471 -0.205654
v -0.121000 0.048231 -0.211206
v -0.117000 0.051945 -0.209668
v -0.119828 0.050857 -0.210118
v -0.089000 0.048231 -0.211206
v -0.093000 0.051945 -0.209668
v -0.090172 0.050857 -0.210118
v -0.121000 0.049539 -0.215517
v -0.117000 0.053481 -0.214733
v -0.119828 0.052327 -0.214962
v -0.089000 0.049539 -0.215517
v -0.093000 0.053481 -0.214733
v -0.090172 0.052327 -0.214962
v -0.121000 0.049981 -0.220000
v -0.117000 0.054000 -0.220000
v -0.119828 0.052823 -0.220000
v -0.089000 0.049981 -0.220000
v -0.093000 0.054000 -0.220000
v -0.090172 0.052823 -0.220000
v -0.121000 0.049539 -0.224483
v -0.117000 0.053481 -0.225267
v -0.119828 0.052327 -0.225038
v -0.089000 0.049539 -0.224483
v -0.093000 0.053481 -0.225267
v -0.090172 0.052327 -0.225038
v -0.121000 0.048231 -0.228794
v -0.117000 0.051945 -0.230332
v -0.119828 0.050857 -0.229882
v -0.089000 0.048231 -0.228794
v -0.093000 0.051945 -0.230332
v -0.090172 0.050857 -0.229882
v -0.121000 0.046108 -0.232767
v -0.117000 0.049450 -0.235000
v -0.119828 0.048471 -0.234346
v -0.089000 0.046108 -0.232767
v -0.093000 0.049450 -0.235000
v -0.090172 0.048471 -0.234346
v -0.121000 0.043250 -0.236250
v -0.117000 0.046092 -0.239092
v -0.119828 0.045259 -0.238259
v -0.089000 0.043250 -0.236250
v -0.093000 0.046092 -0.239092
v -0.090172 0.045259 -0.238259
v -0.121000 0.039767 -0.239108
v -0.117000 0.042000 -0.242450
v -0.119828 0.041346 -0.241471
v -0.089000 0.039767 -0.239108
v -0.093000 0.042000 -0.242450
v -0.090172 0.041346 -0.241471
v -0.121000 0.035794 -0.241231
v -0.117000 0.037332 -0.244945
v -0.119828 0.036882 -0.243857
v -0.089000 0.035794 -0.241231
v -0.093000 0.037332 -0.244945
v -0.090172 0.036882 -0.243857
v -0.121000 0.031483 -0.242539
v -0.117000 0.032267 -0.246481
v -0.119828 0.032038 -0.245327
v -0.089000 0.031483 -0.242539
v -0.093000 0.032267 -0.246481
v -0.090172 0.032038 -0.245327
vn -0.3827 -0.0906 -0.9194
vn -0.9239 -0.0375 -0.3808
vn 0.3827 -0.0906 -0.9194
vn 0.9239 -0.0375 -0.3808
vn -0.3827 -0.2682 -0.8841
vn -0.9239 -0.1111 -0.3662
vn 0.3827 -0.2682 -0.8841
vn 0.9239 -0.1111 -0.3662
vn -0.3827 -0.4355 -0.8148
vn -0.9239 -0.1804 -0.3375
vn 0.3827 -0.4355 -0.8148
vn 0.9239 -0.1804 -0.3375
vn -0.3827 -0.5861 -0.7142
vn -0.9239 -0.2428 -0.2958
vn 0.3827 -0.5861 -0.7142
vn 0.9239 -0.2428 -0.2958
vn -0.3827 -0.7142 -0.5861
vn -0.9239 -0.2958 -0.2428
vn 0.3827 -0.7142 -0.5861
vn 0.9239 -0.2958 -0.2428
vn -0.3827 -0.8148 -0.4355
vn -0.9239 -0.3375 -0.1804
vn 0.3827 -0.8148 -0.4355
vn 0.9239 -0.3375 -0.1804
vn -0.3827 -0.8841 -0.2682
vn -0.9239 -0.3662 -0.1111
vn 0.3827 -0.8841 -0.2682
vn 0.9239 -0.3662 -0.1111
vn -0.3827 -0.9194 -0.0906
vn -0.9239 -0.3808 -0.0375
vn 0.3827 -0.9194 -0.0906
vn 0.9239 -0.3808 -0.0375
vn -0.3827 -0.9194 0.0906
vn -0.9239 -0.3808 0.0375
vn 0.3827 -0.9194 0.0906
vn 0.9239 -0.3808 0.0375
vn -0.3827 -0.8841 0.2682
vn -0.9239 -0.3662 0.1111
vn 0.3827 -0.8841 0.2682
vn 0.9239 -0.3662 0.1111
vn -0.3827 -0.8148 0.4355
vn -0.9239 -0.3375 0.1804
vn 0.3827 -0.8148 0.4355
vn 0.9239 -0.3375 0.1804
vn -0.3827 -0.7142 0.5861
vn -0.9239 -0.2958 0.2428
vn 0.3827 -0.7142 0.5861
vn 0.9239 -0.2958 0.2428
vn -0.3827 -0.5861 0.7142
vn -0.9239 -0.2428 0.2958
vn 0.3827 -0.5861 0.7142
vn 0.9239 -0.2428 0.2958
vn -0.3827 -0.4355 0.8148
vn -0.9239 -0.1804 0.3375
vn 0.3827 -0.4355 0.8148
vn 0.9239 -0.1804 0.3375
vn -0.3827 -0.2682 0.8841
vn -0.9239 -0.1111 0.3662
vn 0.3827 -0.2682 0.8841
vn 0.9239 -0.1111 0.3662
vn -0.3827 -0.0906 0.9194
vn -0.9239 -0.0375 0.3808
vn 0.3827 -0.0906 0.9194
vn 0.9239 -0.0375 0.3808
vn -0.3827 0.0906 0.9194
vn -0.9239 0.0375 0.3808
vn 0.3827 0.0906 0.9194
vn 0.9239 0.0375 0.3808
vn -0.3827 0.2682 0.8841
vn -0.9239 0.1111 0.3662
vn 0.3827 0.2682 0.8841
vn 0.9239 0.1111 0.3662
vn -0.3827 0.4355 0.8148
vn -0.9239 0.1804 0.3375
vn 0.3827 0.4355 0.8148
vn 0.9239 0.1804 0.3375
vn -0.3827 0.5861 0.7142
vn -0.9239 0.2428 0.2958
vn 0.3827 0.5861 0.7142
vn 0.9239 0.2428 0.2958
vn -0.3827 0.7142 0.5861
vn -0.9239 0.2958 0.2428
vn 0.3827 0.7142 0.5861
vn 0.9239 0.2958 0.2428
vn -0.3827 0.8148 0.4355
vn -0.9239 0.3375 0.1804
vn 0.3827 0.8148 0.4355
vn 0.9239 0.3375 0.1804
vn -0.3827 0.8841 0.2682
vn -0.9239 0.3662 0.1111
vn 0.3827 0.8841 0.2682
vn 0.9239 0.3662 0.1111
vn -0.3827 0.9194 0.0906
vn -0.9239 0.3808 0.0375
vn 0.3827 0.9194 0.0906
vn 0.9239 0.3808 0.0375
vn -0.3827 0.9194 -0.0906
vn -0.9239 0.3808 -0.0375
vn 0.3827 0.9194 -0.0906
vn 0.9239 0.3808 -0.0375
vn -0.3827 0.8841 -0.2682
vn -0.9239 0.3662 -0.1111
vn 0.3827 0.8841 -0.2682
vn 0.9239 0.3662 -0.1111
vn -0.3827 0.8148 -0.4355
vn -0.9239 0.3375 -0.1804
vn 0.3827 0.8148 -0.4355
vn 0.9239 0.3375 -0.1804
vn -0.3827 0.7142 -0.5861
vn -0.9239 0.2958 -0.2428
vn 0.3827 0.7142 -0.5861
vn 0.9239 0.2958 -0.2428
vn -0.3827 0.5861 -0.7142
vn -0.9239 0.2428 -0.2958
vn 0.3827 0.5861 -0.7142
vn 0.9239 0.2428 -0.2958
vn -0.3827 0.4355 -0.8148
vn -0.9239 0.1804 -0.3375
vn 0.3827 0.4355 -0.8148
vn 0.9239 0.1804 -0.3375
vn -0.3827 0.2682 -0.8841
vn -0.9239 0.1111 -0.3662
vn 0.3827 0.2682 -0.8841
vn 0.9239 0.1111 -0.3662
vn -0.3827 0.0906 -0.9194
vn -0.9239 0.0375 -0.3808
vn 0.3827 0.0906 -0.9194
vn 0.9239 0.0375 -0.3808
vn -1.0000 -0.0000 -0.0000
vn -0.0000 -0.0980 -0.9952
vn -0.0000 0.0980 -0.9952
vn 1.0000 -0.0000 -0.0000
vn -0.0000 -0.2903 -0.9569
vn -0.0000 -0.4714 -0.8819
vn -0.0000 -0.6344 -0.7730
vn -0.0000 -0.7730 -0.6344
vn -0.0000 -0.8819 -0.4714
vn -0.0000 -0.9569 -0.2903
vn -0.0000 -0.9952 -0.0980
vn -0.0000 -0.9952 0.0980
vn -0.0000 -0.9569 0.2903
vn -0.0000 -0.8819 0.4714
vn -0.0000 -0.7730 0.6344
vn -0.0000 -0.6344 0.7730
vn -0.0000 -0.4714 0.8819
vn -0.0000 -0.2903 0.9569
vn -0.0000 -0.0980 0.9952
vn -0.0000 0.0980 0.9952
vn -0.0000 0.2903 0.9569
vn -0.0000 0.4714 0.8819
vn -0.0000 0.6344 0.7730
vn -0.0000 0.7730 0.6344
vn -0.0000 0.8819 0.4714
vn -0.0000 0.9569 0.2903
vn -0.0000 0.9952 0.0980
vn -0.0000 0.9952 -0.0980
vn -0.0000 0.9569 -0.2903
vn -0.0000 0.8819 -0.4714
vn -0.0000 0.7730 -0.6344
vn -0.0000 0.6344 -0.7730
vn -0.0000 0.4714 -0.8819
vn -0.0000 0.2903 -0.9569
vt 1.000000 0.562500
vt 0.968750 0.562500
vt 0.968750 0.500000
vt 0.999319 0.500000
vt 0.750000 0.489899
vt 0.796802 0.485290
vt 0.789852 0.450347
vt 0.750000 0.454272
vt 0.968750 0.937500
vt 1.000000 0.937500
vt 0.999319 1.000000
vt 0.968750 1.000000
vt 0.296802 0.485290
vt 0.250000 0.489899
vt 0.250000 0.454272
vt 0.289852 0.450347
vt 0.937500 0.562500
vt 0.937500 0.500000
vt 0.841806 0.471638
vt 0.828172 0.438723
vt 0.937500 0.937500
vt 0.937500 1.000000
vt 0.341806 0.471638
vt 0.328172 0.438723
vt 0.906250 0.562500
vt 0.906250 0.500000
vt 0.883281 0.449469
vt 0.863488 0.419846
vt 0.906250 0.937500
vt 0.906250 1.000000
vt 0.383281 0.449469
vt 0.363488 0.419846
vt 0.875000 0.562500
vt 0.875000 0.500000
vt 0.919635 0.419635
vt 0.894442 0.394442
vt 0.875000 0.937500
vt 0.875000 1.000000
vt 0.419635 0.419635
vt 0.394442 0.394442
vt 0.843750 0.562500
vt 0.843750 0.500000
vt 0.949469 0.383281
vt 0.919846 0.363488
vt 0.843750 0.937500
vt 0.843750 1.000000
vt 0.449469 0.383281
vt 0.419846 0.363488
vt 0.812500 0.562500
vt 0.812500 0.500000
vt 0.971638 0.341806
vt 0.938723 0.328172
vt 0.812500 0.937500
vt 0.812500 1.000000
vt 0.471638 0.341806
vt 0.438723 0.328172
vt 0.781250 0.562500
vt 0.781250 0.500000
vt 0.985290 0.296802
vt 0.950347 0.289852
vt 0.781250 0.937500
vt 0.781250 1.000000
vt 0.485290 0.296802
vt 0.450347 0.289852
vt 0.750000 0.562500
vt 0.750000 0.500000
vt 0.989900 0.250000
vt 0.954272 0.250000
vt 0.750000 0.937500
vt 0.750000 1.000000
vt 0.489899 0.250000
vt 0.454272 0.250000
vt 0.718750 0.562500
vt 0.718750 0.500000
vt 0.985290 0.203198
vt 0.950347 0.210148
vt 0.718750 0.937500
vt 0.718750 1.000000
vt 0.485290 0.203198
vt 0.450347 0.210148
vt 0.687500 0.562500
vt 0.687500 0.500000
vt 0.971638 0.158194
vt 0.938723 0.171828
vt 0.687500 0.937500
vt 0.687500 1.000000
vt 0.471638 0.158194
vt 0.438723 0.171828
vt 0.656250 0.562500
vt 0.656250 0.500000
vt 0.949469 0.116719
vt 0.919846 0.136512
vt 0.656250 0.937500
vt 0.656250 1.000000
vt 0.449469 0.116719
vt 0.419846 0.136512
vt 0.625000 0.562500
vt 0.625000 0.500000
vt 0.919635 0.080365
vt 0.894442 0.105558
vt 0.625000 0.937500
vt 0.625000 1.000000
vt 0.419635 0.080365
vt 0.394442 0.105558
vt 0.593750 0.562500
vt 0.593750 0.500000
vt 0.883281 0.050531
vt 0.863488 0.080154
vt 0.593750 0.937500
vt 0.593750 1.000000
vt 0.383281 0.050531
vt 0.363488 0.080154
vt 0.562500 0.562500
vt 0.562500 0.500000
vt 0.841806 0.028362
vt 0.828172 0.061277
vt 0.562500 0.937500
vt 0.562500 1.000000
vt 0.341806 0.028362
vt 0.328172 0.061277
vt 0.531250 0.562500
vt 0.531250 0.500000
vt 0.796802 0.014710
vt 0.789852 0.049653
vt 0.531250 0.937500
vt 0.531250 1.000000
vt 0.296802 0.014710
vt 0.289852 0.049653
vt 0.500000 0.562500
vt 0.500000 0.500000
vt 0.750000 0.010101
vt 0.750000 0.045728
vt 0.500000 0.937500
vt 0.500000 1.000000
vt 0.250000 0.010101
vt 0.250000 0.045728
vt 0.468750 0.562500
vt 0.468750 0.500000
vt 0.703198 0.014710
vt 0.710149 0.049653
vt 0.468750 0.937500
vt 0.468750 1.000000
vt 0.203198 0.014710
vt 0.210148 0.049653
vt 0.437500 0.562500
vt 0.437500 0.500000
vt 0.658194 0.028362
vt 0.671828 0.061277
vt 0.437500 0.937500
vt 0.437500 1.000000
vt 0.158194 0.028362
vt 0.171828 0.061277
vt 0.406250 0.562500
vt 0.406250 0.500000
vt 0.616719 0.050531
vt 0.636512 0.080154
vt 0.406250 0.937500
vt 0.406250 1.000000
vt 0.116719 0.050531
vt 0.136512 0.080154
vt 0.375000 0.562500
vt 0.375000 0.500000
vt 0.580365 0.080365
vt 0.605557 0.105558
vt 0.375000 0.937500
vt 0.375000 1.000000
vt 0.080365 0.080365
vt 0.105558 0.105558
vt 0.343750 0.562500
vt 0.343750 0.500000
vt 0.550531 0.116719
vt 0.580154 0.136512
vt 0.343750 0.937500
vt 0.343750 1.000000
vt 0.050531 0.116719
vt 0.080154 0.136512
vt 0.312500 0.562500
vt 0.312500 0.500000
vt 0.528362 0.158194
vt 0.561277 0.171828
vt 0.312500 0.937500
vt 0.312500 1.000000
vt 0.028362 0.158194
vt 0.061277 0.171828
vt 0.281250 0.562500
vt 0.281250 0.500000
vt 0.514710 0.203198
vt 0.549653 0.210148
vt 0.281250 0.937500
vt 0.281250 1.000000
vt 0.014710 0.203198
vt 0.049653 0.210148
vt 0.250000 0.562500
vt 0.250000 0.500000
vt 0.510101 0.250000
vt 0.545728 0.250000
vt 0.250000 0.937500
vt 0.250000 1.000000
vt 0.010101 0.250000
vt 0.045728 0.250000
vt 0.218750 0.562500
vt 0.218750 0.500000
vt 0.514710 0.296802
vt 0.549653 0.289852
vt 0.218750 0.937500
vt 0.218750 1.000000
vt 0.014710 0.296802
vt 0.049653 0.289852
vt 0.187500 0.562500
vt 0.187500 0.500000
vt 0.528362 0.341806
vt 0.561277 0.328172
vt 0.187500 0.937500
vt 0.187500 1.000000
vt 0.028362 0.341806
vt 0.061277 0.328172
vt 0.156250 0.562500
vt 0.156250 0.500000
vt 0.550531 0.383281
vt 0.580154 0.363488
vt 0.156250 0.937500
vt 0.156250 1.000000
vt 0.050531 0.383281
vt 0.080154 0.363488
vt 0.125000 0.562500
vt 0.125000 0.500000
vt 0.580365 0.419635
vt 0.605558 0.394442
vt 0.125000 0.937500
vt 0.125000 1.000000
vt 0.080365 0.419635
vt 0.105558 0.394442
vt 0.093750 0.562500
vt 0.093750 0.500000
vt 0.616719 0.449469
vt 0.636512 0.419846
vt 0.093750 0.937500
vt 0.093750 1.000000
vt 0.116719 0.449469
vt 0.136512 0.419846
vt 0.062500 0.562500
vt 0.062500 0.500000
vt 0.658194 0.471638
vt 0.671828 0.438723
vt 0.062500 0.937500
vt 0.062500 1.000000
vt 0.158194 0.471638
vt 0.171828 0.438723
vt 0.031250 0.562500
vt 0.031250 0.500000
vt 0.703198 0.485290
vt 0.710148 0.450347
vt 0.031250 0.937500
vt 0.031250 1.000000
vt 0.203198 0.485290
vt 0.210148 0.450347
vt 0.000000 0.562500
vt 0.000681 0.500000
vt 0.000000 0.937500
vt 0.000681 1.000000
s 0
usemtl Mat_Wheels
f 242/398/179 248/399/179 249/400/179 243/401/179
f 243/402/180 249/403/180 247/404/180 241/405/180
f 251/406/181 245/407/181 246/408/181 252/409/181
f 252/410/182 246/411/182 244/412/182 250/413/182
f 248/399/183 254/414/183 255/415/183 249/400/183
f 249/403/184 255/416/184 253/417/184 247/404/184
f 257/418/185 251/406/185 252/409/185 258/419/185
f 258/420/186 252/410/186 250/413/186 256/421/186
f 254/414/187 260/422/187 261/423/187 255/415/187
f 255/416/188 261/424/188 259/425/188 253/417/188
f 263/426/189 257/418/189 258/419/189 264/427/189
f 264/428/190 258/420/190 256/421/190 262/429/190
f 260/422/191 266/430/191 267/431/191 261/423/191
f 261/424/192 267/432/192 265/433/192 259/425/192
f 269/434/193 263/426/193 264/427/193 270/435/193
f 270/436/194 264/428/194 262/429/194 268/437/194
f 266/430/195 272/438/195 273/439/195 267/431/195
f 267/432/196 273/440/196 271/441/196 265/433/196
f 275/442/197 269/434/197 270/435/197 276/443/197
f 276/444/198 270/436/198 268/437/198 274/445/198
f 272/438/199 278/446/199 279/447/199 273/439/199
f 273/440/200 279/448/200 277/449/200 271/441/200
f 281/450/201 275/442/201 276/443/201 282/451/201
f 282/452/202 276/444/202 274/445/202 280/453/202
f 278/446/203 284/454/203 285/455/203 279/447/203
f 279/448/204 285/456/204 283/457/204 277/449/204
f 287/458/205 281/450/205 282/451/205 288/459/205
f 288/460/206 282/452/206 280/453/206 286/461/206
f 284/454/207 290/462/207 291/463/207 285/455/207
f 285/456/208 291/464/208 289/465/208 283/457/208
f 293/466/209 287/458/209 288/459/209 294/467/209
f 294/468/210 288/460/210 286/461/210 292/469/210
f 290/462/211 296/470/211 297/471/211 291/463/211
f 291/464/212 297/472/212 295/473/212 289/465/212
f 299/474/213 293/466/213 294/467/213 300/475/213
f 300/476/214 294/468/214 292/469/214 298/477/214
f 296/470/215 302/478/215 303/479/215 297/471/215
f 297/472/216 303/480/216 301/481/216 295/473/216
f 305/482/217 299/474/217 300/475/217 306/483/217
f 306/484/218 300/476/218 298/477/218 304/485/218
f 302/478/219 308/486/219 309/487/219 303/479/219
f 303/480/220 309/488/220 307/489/220 301/481/220
f 311/490/221 305/482/221 306/483/221 312/491/221
f 312/492/222 306/484/222 304/485/222 310/493/222
f 308/486/223 314/494/223 315/495/223 309/487/223
f 309/488/224 315/496/224 313/497/224 307/489/224
f 317/498/225 311/490/225 312/491/225 318/499/225
f 318/500/226 312/492/226 310/493/226 316/501/226
f 314/494/227 320/502/227 321/503/227 315/495/227
f 315/496/228 321/504/228 319/505/228 313/497/228
f 323/506/229 317/498/229 318/499/229 324/507/229
f 324/508/230 318/500/230 316/501/230 322/509/230
f 320/502/231 326/510/231 327/511/231 321/503/231
f 321/504/232 327/512/232 325/513/232 319/505/232
f 329/514/233 323/506/233 324/507/233 330/515/233
f 330/516/234 324/508/234 322/509/234 328/517/234
f 326/510/235 332/518/235 333/519/235 327/511/235
f 327/512/236 333/520/236 331/521/236 325/513/236
f 335/522/237 329/514/237 330/515/237 336/523/237
f 336/524/238 330/516/238 328/517/238 334/525/238
f 332/518/239 338/526/239 339/527/239 333/519/239
f 333/520/240 339/528/240 337/529/240 331/521/240
f 341/530/241 335/522/241 336/523/241 342/531/241
f 342/532/242 336/524/242 334/525/242 340/533/242
f 338/526/243 344/534/243 345/535/243 339/527/243
f 339/528/244 345/536/244 343/537/244 337/529/244
f 347/538/245 341/530/245 342/531/245 348/539/245
f 348/540/246 342/532/246 340/533/246 346/541/246
f 344/534/247 350/542/247 351/543/247 345/535/247
f 345/536/248 351/544/248 349/545/248 343/537/248
f 353/546/249 347/538/249 348/539/249 354/547/249
f 354/548/250 348/540/250 346/541/250 352/549/250
f 350/542/251 356/550/251 357/551/251 351/543/251
f 351/544/252 357/552/252 355/553/252 349/545/252
f 359/554/253 353/546/253 354/547/253 360/555/253
f 360/556/254 354/548/254 352/549/254 358/557/254
f 356/550/255 362/558/255 363/559/255 357/551/255
f 357/552/256 363/560/256 361/561/256 355/553/256
f 365/562/257 359/554/257 360/555/257 366/563/257
f 366/564/258 360/556/258 358/557/258 364/565/258
f 362/558/259 368/566/259 369/567/259 363/559/259
f 363/560/260 369/568/260 367/569/260 361/561/260
f 371/570/261 365/562/261 366/563/261 372/571/261
f 372/572/262 366/564/262 364/565/262 370/573/262
f 368/566/263 374/574/263 375/575/263 369/567/263
f 369/568/264 375/576/264 373/577/264 367/569/264
f 377/578/265 371/570/265 372/571/265 378/579/265
f 378/580/266 372/572/266 370/573/266 376/581/266
f 374/574/267 380/582/267 381/583/267 375/575/267
f 375/576/268 381/584/268 379/585/268 373/577/268
f 383/586/269 377/578/269 378/579/269 384/587/269
f 384/588/270 378/580/270 376/581/270 382/589/270
f 380/582/271 386/590/271 387/591/271 381/583/271
f 381/584/272 387/592/272 385/593/272 379/585/272
f 389/594/273 383/586/273 384/587/273 390/595/273
f 390/596/274 384/588/274 382/589/274 388/597/274
f 386/590/275 392/598/275 393/599/275 387/591/275
f 387/592/276 393/600/276 391/601/276 385/593/276
f 395/602/277 389/594/277 390/595/277 396/603/277
f 396/604/278 390/596/278 388/597/278 394/605/278
f 392/598/279 398/606/279 399/607/279 393/599/279
f 393/600/280 399/608/280 397/609/280 391/601/280
f 401/610/281 395/602/281 396/603/281 402/611/281
f 402/612/282 396/604/282 394/605/282 400/613/282
f 398/606/283 404/614/283 405/615/283 399/607/283
f 399/608/284 405/616/284 403/617/284 397/609/284
f 407/618/285 401/610/285 402/611/285 408/619/285
f 408/620/286 402/612/286 400/613/286 406/621/286
f 404/614/287 410/622/287 411/623/287 405/615/287
f 405/616/288 411/624/288 409/625/288 403/617/288
f 413/626/289 407/618/289 408/619/289 414/627/289
f 414/628/290 408/620/290 406/621/290 412/629/290
f 410/622/291 416/630/291 417/631/291 411/623/291
f 411/624/292 417/632/292 415/633/292 409/625/292
f 419/634/293 413/626/293 414/627/293 420/635/293
f 420/636/294 414/628/294 412/629/294 418/637/294
f 416/630/295 422/638/295 423/639/295 417/631/295
f 417/632/296 423/640/296 421/641/296 415/633/296
f 425/642/297 419/634/297 420/635/297 426/643/297
f 426/644/298 420/636/298 418/637/298 424/645/298
f 422/638/299 428/646/299 429/647/299 423/639/299
f 423/640/300 429/648/300 427/649/300 421/641/300
f 431/650/301 425/642/301 426/643/301 432/651/301
f 432/652/302 426/644/302 424/645/302 430/653/302
f 428/646/303 242/654/303 243/655/303 429/647/303
f 429/648/304 243/402/304 241/405/304 427/649/304
f 245/656/305 431/650/305 432/651/305 246/657/305
f 246/411/306 432/652/306 430/653/306 244/412/306
f 241/405/307 247/404/307 253/417/307 259/425/307 265/433/307 271/441/307 277/449/307 283/457/307 289/465/307 295/473/307 301/481/307 307/489/307 313/497/307 319/505/307 325/513/307 331/521/307 337/529/307 343/537/307 349/545/307 355/553/307 361/561/307 367/569/307 373/577/307 379/585/307 385/593/307 391/601/307 397/609/307 403/617/307 409/625/307 415/633/307 421/641/307 427/649/307
f 242/398/308 245/407/308 251/406/308 248/399/308
f 428/646/309 431/650/309 245/656/309 242/654/309
f 250/413/310 244/412/310 430/653/310 424/645/310 418/637/310 412/629/310 406/621/310 400/613/310 394/605/310 388/597/310 382/589/310 376/581/310 370/573/310 364/565/310 358/557/310 352/549/310 346/541/310 340/533/310 334/525/310 328/517/310 322/509/310 316/501/310 310/493/310 304/485/310 298/477/310 292/469/310 286/461/310 280/453/310 274/445/310 268/437/310 262/429/310 256/421/310
f 248/399/311 251/406/311 257/418/311 254/414/311
f 254/414/312 257/418/312 263/426/312 260/422/312
f 260/422/313 263/426/313 269/434/313 266/430/313
f 266/430/314 269/434/314 275/442/314 272/438/314
f 272/438/315 275/442/315 281/450/315 278/446/315
f 278/446/316 281/450/316 287/458/316 284/454/316
f 284/454/317 287/458/317 293/466/317 290/462/317
f 290/462/318 293/466/318 299/474/318 296/470/318
f 296/470/319 299/474/319 305/482/319 302/478/319
f 302/478/320 305/482/320 311/490/320 308/486/320
f 308/486/321 311/490/321 317/498/321 314/494/321
f 314/494/322 317/498/322 323/506/322 320/502/322
f 320/502/323 323/506/323 329/514/323 326/510/323
f 326/510/324 329/514/324 335/522/324 332/518/324
f 332/518/325 335/522/325 341/530/325 338/526/325
f 338/526/326 341/530/326 347/538/326 344/534/326
f 344/534/327 347/538/327 353/546/327 350/542/327
f 350/542/328 353/546/328 359/554/328 356/550/328
f 356/550/329 359/554/329 365/562/329 362/558/329
f 362/558/330 365/562/330 371/570/330 368/566/330
f 368/566/331 371/570/331 377/578/331 374/574/331
f 374/574/332 377/578/332 383/586/332 380/582/332
f 380/582/333 383/586/333 389/594/333 386/590/333
f 386/590/334 389/594/334 395/602/334 392/598/334
f 392/598/335 395/602/335 401/610/335 398/606/335
f 398/606/336 401/610/336 407/618/336 404/614/336
f 404/614/337 407/618/337 413/626/337 410/622/337
f 410/622/338 413/626/338 419/634/338 416/630/338
f 416/630/339 419/634/339 425/642/339 422/638/339
f 422/638/340 425/642/340 431/650/340 428/646/340
o Wheel_Front_Right
v 0.089000 0.027000 -0.242981
v 0.093000 0.027000 -0.247000
v 0.090172 0.027000 -0.245823
v 0.121000 0.027000 -0.242981
v 0.117000 0.027000 -0.247000
v 0.119828 0.027000 -0.245823
v 0.089000 0.022517 -0.242539
v 0.093000 0.021733 -0.246481
v 0.090172 0.021962 -0.245327
v 0.121000 0.022517 -0.242539
v 0.117000 0.021733 -0.246481
v 0.119828 0.021962 -0.245327
v 0.089000 0.018206 -0.241231
v 0.093000 0.016668 -0.244945
v 0.090172 0.017118 -0.243857
v 0.121000 0.018206 -0.241231
v 0.117000 0.016668 -0.244945
v 0.119828 0.017118 -0.243857
v 0.089000 0.014233 -0.239108
v 0.093000 0.012000 -0.242450
v 0.090172 0.012654 -0.241471
v 0.121000 0.014233 -0.239108
v 0.117000 0.012000 -0.242450
v 0.119828 0.012654 -0.241471
v 0.089000 0.010750 -0.236250
v 0.093000 0.007908 -0.239092
v 0.090172 0.008741 -0.238259
v 0.121000 0.010750 -0.236250
v 0.117000 0.007908 -0.239092
v 0.119828 0.008741 -0.238259
v 0.089000 0.007892 -0.232767
v 0.093000 0.004550 -0.235000
v 0.090172 0.005529 -0.234346
v 0.121000 0.007892 -0.232767
v 0.117000 0.004550 -0.235000
v 0.119828 0.005529 -0.234346
v 0.089000 0.005769 -0.228794
v 0.093000 0.002055 -0.230332
v 0.090172 0.003143 -0.229882
v 0.121000 0.005769 -0.228794
v 0.117000 0.002055 -0.230332
v 0.119828 0.003143 -0.229882
v 0.089000 0.004461 -0.224483
v 0.093000 0.000519 -0.225267
v 0.090172 0.001673 -0.225038
v 0.121000 0.004461 -0.224483
v 0.117000 0.000519 -0.225267
v 0.119828 0.001673 -0.225038
v 0.089000 0.004019 -0.220000
v 0.093000 0.000000 -0.220000
v 0.090172 0.001177 -0.220000
v 0.121000 0.004019 -0.220000
v 0.117000 0.000000 -0.220000
v 0.119828 0.001177 -0.220000
v 0.089000 0.004461 -0.215517
v 0.093000 0.000519 -0.214733
v 0.090172 0.001673 -0.214962
v 0.121000 0.004461 -0.215517
v 0.117000 0.000519 -0.214733
v 0.119828 0.001673 -0.214962
v 0.089000 0.005769 -0.211206
v 0.093000 0.002055 -0.209668
v 0.090172 0.003143 -0.210118
v 0.121000 0.005769 -0.211206
v 0.117000 0.002055 -0.209668
v 0.119828 0.003143 -0.210118
v 0.089000 0.007892 -0.207233
v 0.093000 0.004550 -0.205000
v 0.090172 0.005529 -0.205654
v 0.121000 0.007892 -0.207233
v 0.117000 0.004550 -0.205000
v 0.119828 0.005529 -0.205654
v 0.089000 0.010750 -0.203750
v 0.093000 0.007908 -0.200908
v 0.090172 0.008741 -0.201741
v 0.121000 0.010750 -0.203750
v 0.117000 0.007908 -0.200908
v 0.119828 0.008741 -0.201741
v 0.089000 0.014233 -0.200892
v 0.093000 0.012000 -0.197550
v 0.090172 0.012654 -0.198529
v 0.121000 0.014233 -0.200892
v 0.117000 0.012000 -0.197550
v 0.119828 0.012654 -0.198529
v 0.089000 0.018206 -0.198769
v 0.093000 0.016668 -0.195055
v 0.090172 0.017118 -0.196143
v 0.121000 0.018206 -0.198769
v 0.117000 0.016668 -0.195055
v 0.119828 0.017118 -0.196143
v 0.089000 0.022517 -0.197461
v 0.093000 0.021733 -0.193519
v 0.090172 0.021962 -0.194673
v 0.121000 0.022517 -0.197461
v 0.117000 0.021733 -0.193519
v 0.119828 0.021962 -0.194673
v 0.089000 0.027000 -0.197019
v 0.093000 0.027000 -0.193000
v 0.090172 0.027000 -0.194177
v 0.121000 0.027000 -0.197019
v 0.117000 0.027000 -0.193000
v 0.119828 0.027000 -0.194177
v 0.089000 0.031483 -0.197461
v 0.093000 0.032267 -0.193519
v 0.090172 0.032038 -0.194673
v 0.121000 0.031483 -0.197461
v 0.117000 0.032267 -0.193519
v 0.119828 0.032038 -0.194673
v 0.089000 0.035794 -0.198769
v 0.093000 0.037332 -0.195055
v 0.090172 0.036882 -0.196143
v 0.121000 0.035794 -0.198769
v 0.117000 0.037332 -0.195055
v 0.119828 0.036882 -0.196143
v 0.089000 0.039767 -0.200892
v 0.093000 0.042000 -0.197550
v 0.090172 0.041346 -0.198529
v 0.121000 0.039767 -0.200892
v 0.117000 0.042000 -0.197550
v 0.119828 0.041346 -0.198529
v 0.089000 0.043250 -0.203750
v 0.093000 0.046092 -0.200908
v 0.090172 0.045259 -0.201741
v 0.121000 0.043250 -0.203750
v 0.117000 0.046092 -0.200908
v 0.119828 0.045259 -0.201741
v 0.089000 0.046108 -0.207233
v 0.093000 0.049450 -0.205000
v 0.090172 0.048471 -0.205654
v 0.121000 0.046108 -0.207233
v 0.117000 0.049450 -0.205000
v 0.119828 0.048471 -0.205654
v 0.089000 0.048231 -0.211206
v 0.093000 0.051945 -0.209668
v 0.090172 0.050857 -0.210118
v 0.121000 0.048231 -0.211206
v 0.117000 0.051945 -0.209668
v 0.119828 0.050857 -0.210118
v 0.089000 0.049539 -0.215517
v 0.093000 0.053481 -0.214733
v 0.090172 0.052327 -0.214962
v 0.121000 0.049539 -0.215517
v 0.117000 0.053481 -0.214733
v 0.119828 0.052327 -0.214962
v 0.089000 0.049981 -0.220000
v 0.093000 0.054000 -0.220000
v 0.090172 0.052823 -0.220000
v 0.121000 0.049981 -0.220000
v 0.117000 0.054000 -0.220000
v 0.119828 0.052823 -0.220000
v 0.089000 0.049539 -0.224483
v 0.093000 0.053481 -0.225267
v 0.090172 0.052327 -0.225038
v 0.121000 0.049539 -0.224483
v 0.117000 0.053481 -0.225267
v 0.119828 0.052327 -0.225038
v 0.089000 0.048231 -0.228794
v 0.093000 0.051945 -0.230332
v 0.090172 0.050857 -0.229882
v 0.121000 0.048231 -0.228794
v 0.117000 0.051945 -0.230332
v 0.119828 0.050857 -0.229882
v 0.089000 0.046108 -0.232767
v 0.093000 0.049450 -0.235000
v 0.090172 0.048471 -0.234346
v 0.121000 0.046108 -0.232767
v 0.117000 0.049450 -0.235000
v 0.119828 0.048471 -0.234346
v 0.089000 0.043250 -0.236250
v 0.093000 0.046092 -0.239092
v 0.090172 0.045259 -0.238259
v 0.121000 0.043250 -0.236250
v 0.117000 0.046092 -0.239092
v 0.119828 0.045259 -0.238259
v 0.089000 0.039767 -0.239108
v 0.093000 0.042000 -0.242450
v 0.090172 0.041346 -0.241471
v 0.121000 0.039767 -0.239108
v 0.117000 0.042000 -0.242450
v 0.119828 0.041346 -0.241471
v 0.089000 0.035794 -0.241231
v 0.093000 0.037332 -0.244945
v 0.090172 0.036882 -0.243857
v 0.121000 0.035794 -0.241231
v 0.117000 0.037332 -0.244945
v 0.119828 0.036882 -0.243857
v 0.089000 0.031483 -0.242539
v 0.093000 0.032267 -0.246481
v 0.090172 0.032038 -0.245327
v 0.121000 0.031483 -0.242539
v 0.117000 0.032267 -0.246481
v 0.119828 0.032038 -0.245327
vn -0.3827 -0.0906 -0.9194
vn -0.9239 -0.0375 -0.3808
vn 0.3827 -0.0906 -0.9194
vn 0.9239 -0.0375 -0.3808
vn -0.3827 -0.2682 -0.8841
vn -0.9239 -0.1111 -0.3662
vn 0.3827 -0.2682 -0.8841
vn 0.9239 -0.1111 -0.3662
vn -0.3827 -0.4355 -0.8148
vn -0.9239 -0.1804 -0.3375
vn 0.3827 -0.4355 -0.8148
vn 0.9239 -0.1804 -0.3375
vn -0.3827 -0.5861 -0.7142
vn -0.9239 -0.2428 -0.2958
vn 0.3827 -0.5861 -0.7142
vn 0.9239 -0.2428 -0.2958
vn -0.3827 -0.7142 -0.5861
vn -0.9239 -0.2958 -0.2428
vn 0.3827 -0.7142 -0.5861
vn 0.9239 -0.2958 -0.2428
vn -0.3827 -0.8148 -0.4355
vn -0.9239 -0.3375 -0.1804
vn 0.3827 -0.8148 -0.4355
vn 0.9239 -0.3375 -0.1804
vn -0.3827 -0.8841 -0.2682
vn -0.9239 -0.3662 -0.1111
vn 0.3827 -0.8841 -0.2682
vn 0.9239 -0.3662 -0.1111
vn -0.3827 -0.9194 -0.0906
vn -0.9239 -0.3808 -0.0375
vn 0.3827 -0.9194 -0.0906
vn 0.9239 -0.3808 -0.0375
vn -0.3827 -0.9194 0.0906
vn -0.9239 -0.3808 0.0375
vn 0.3827 -0.9194 0.0906
vn 0.9239 -0.3808 0.0375
vn -0.3827 -0.8841 0.2682
vn -0.9239 -0.3662 0.1111
vn 0.3827 -0.8841 0.2682
vn 0.9239 -0.3662 0.1111
vn -0.3827 -0.8148 0.4355
vn -0.9239 -0.3375 0.1804
vn 0.3827 -0.8148 0.4355
vn 0.9239 -0.3375 0.1804
vn -0.3827 -0.7142 0.5861
vn -0.9239 -0.2958 0.2428
vn 0.3827 -0.7142 0.5861
vn 0.9239 -0.2958 0.2428
vn -0.3827 -0.5861 0.7142
vn -0.9239 -0.2428 0.2958
vn 0.3827 -0.5861 0.7142
vn 0.9239 -0.2428 0.2958
vn -0.3827 -0.4355 0.8148
vn -0.9239 -0.1804 0.3375
vn 0.3827 -0.4355 0.8148
vn 0.9239 -0.1804 0.3375
vn -0.3827 -0.2682 0.8841
vn -0.9239 -0.1111 0.3662
vn 0.3827 -0.2682 0.8841
vn 0.9239 -0.1111 0.3662
vn -0.3827 -0.0906 0.9194
vn -0.9239 -0.0375 0.3808
vn 0.3827 -0.0906 0.9194
vn 0.9239 -0.0375 0.3808
vn -0.3827 0.0906 0.9194
vn -0.9239 0.0375 0.3808
vn 0.3827 0.0906 0.9194
vn 0.9239 0.0375 0.3808
vn -0.3827 0.2682 0.8841
vn -0.9239 0.1111 0.3662
vn 0.3827 0.2682 0.8841
vn 0.9239 0.1111 0.3662
vn -0.3827 0.4355 0.8148
vn -0.9239 0.1804 0.3375
vn 0.3827 0.4355 0.8148
vn 0.9239 0.1804 0.3375
vn -0.3827 0.5861 0.7142
vn -0.9239 0.2428 0.2958
vn 0.3827 0.5861 0.7142
vn 0.9239 0.2428 0.2958
vn -0.3827 0.7142 0.5861
vn -0.9239 0.2958 0.2428
vn 0.3827 0.7142 0.5861
vn 0.9239 0.2958 0.2428
vn -0.3827 0.8148 0.4355
vn -0.9239 0.3375 0.1804
vn 0.3827 0.8148 0.4355
vn 0.9239 0.3375 0.1804
vn -0.3827 0.8841 0.2682
vn -0.9239 0.3662 0.1111
vn 0.3827 0.8841 0.2682
vn 0.9239 0.3662 0.1111
vn -0.3827 0.9194 0.0906
vn -0.9239 0.3808 0.0375
vn 0.3827 0.9194 0.0906
vn 0.9239 0.3808 0.0375
vn -0.3827 0.9194 -0.0906
vn -0.9239 0.3808 -0.0375
vn 0.3827 0.9194 -0.0906
vn 0.9239 0.3808 -0.0375
vn -0.3827 0.8841 -0.2682
vn -0.9239 0.3662 -0.1111
vn 0.3827 0.8841 -0.2682
vn 0.9239 0.3662 -0.1111
vn -0.3827 0.8148 -0.4355
vn -0.9239 0.3375 -0.1804
vn 0.3827 0.8148 -0.4355
vn 0.9239 0.3375 -0.1804
vn -0.3827 0.7142 -0.5861
vn -0.9239 0.2958 -0.2428
vn 0.3827 0.7142 -0.5861
vn 0.9239 0.2958 -0.2428
vn -0.3827 0.5861 -0.7142
vn -0.9239 0.2428 -0.2958
vn 0.3827 0.5861 -0.7142
vn 0.9239 0.2428 -0.2958
vn -0.3827 0.4355 -0.8148
vn -0.9239 0.1804 -0.3375
vn 0.3827 0.4355 -0.8148
vn 0.9239 0.1804 -0.3375
vn -0.3827 0.2682 -0.8841
vn -0.9239 0.1111 -0.3662
vn 0.3827 0.2682 -0.8841
vn 0.9239 0.1111 -0.3662
vn -0.3827 0.0906 -0.9194
vn -0.9239 0.0375 -0.3808
vn 0.3827 0.0906 -0.9194
vn 0.9239 0.0375 -0.3808
vn -1.0000 -0.0000 -0.0000
vn -0.0000 -0.0980 -0.9952
vn -0.0000 0.0980 -0.9952
vn 1.0000 -0.0000 -0.0000
vn -0.0000 -0.2903 -0.9569
vn -0.0000 -0.4714 -0.8819
vn -0.0000 -0.6344 -0.7730
vn -0.0000 -0.7730 -0.6344
vn -0.0000 -0.8819 -0.4714
vn -0.0000 -0.9569 -0.2903
vn -0.0000 -0.9952 -0.0980
vn -0.0000 -0.9952 0.0980
vn -0.0000 -0.9569 0.2903
vn -0.0000 -0.8819 0.4714
vn -0.0000 -0.7730 0.6344
vn -0.0000 -0.6344 0.7730
vn -0.0000 -0.4714 0.8819
vn -0.0000 -0.2903 0.9569
vn -0.0000 -0.0980 0.9952
vn -0.0000 0.0980 0.9952
vn -0.0000 0.2903 0.9569
vn -0.0000 0.4714 0.8819
vn -0.0000 0.6344 0.7730
vn -0.0000 0.7730 0.6344
vn -0.0000 0.8819 0.4714
vn -0.0000 0.9569 0.2903
vn -0.0000 0.9952 0.0980
vn -0.0000 0.9952 -0.0980
vn -0.0000 0.9569 -0.2903
vn -0.0000 0.8819 -0.4714
vn -0.0000 0.7730 -0.6344
vn -0.0000 0.6344 -0.7730
vn -0.0000 0.4714 -0.8819
vn -0.0000 0.2903 -0.9569
vt 1.000000 0.562500
vt 0.968750 0.562500
vt 0.968750 0.500000
vt 0.999319 0.500000
vt 0.750000 0.489899
vt 0.796802 0.485290
vt 0.789852 0.450347
vt 0.750000 0.454272
vt 0.968750 0.937500
vt 1.000000 0.937500
vt 0.999319 1.000000
vt 0.968750 1.000000
vt 0.296802 0.485290
vt 0.250000 0.489899
vt 0.250000 0.454272
vt 0.289852 0.450347
vt 0.937500 0.562500
vt 0.937500 0.500000
vt 0.841806 0.471638
vt 0.828172 0.438723
vt 0.937500 0.937500
vt 0.937500 1.000000
vt 0.341806 0.471638
vt 0.328172 0.438723
vt 0.906250 0.562500
vt 0.906250 0.500000
vt 0.883281 0.449469
vt 0.863488 0.419846
vt 0.906250 0.937500
vt 0.906250 1.000000
vt 0.383281 0.449469
vt 0.363488 0.419846
vt 0.875000 0.562500
vt 0.875000 0.500000
vt 0.919635 0.419635
vt 0.894442 0.394442
vt 0.875000 0.937500
vt 0.875000 1.000000
vt 0.419635 0.419635
vt 0.394442 0.394442
vt 0.843750 0.562500
vt 0.843750 0.500000
vt 0.949469 0.383281
vt 0.919846 0.363488
vt 0.843750 0.937500
vt 0.843750 1.000000
vt 0.449469 0.383281
vt 0.419846 0.363488
vt 0.812500 0.562500
vt 0.812500 0.500000
vt 0.971638 0.341806
vt 0.938723 0.328172
vt 0.812500 0.937500
vt 0.812500 1.000000
vt 0.471638 0.341806
vt 0.438723 0.328172
vt 0.781250 0.562500
vt 0.781250 0.500000
vt 0.985290 0.296802
vt 0.950347 0.289852
vt 0.781250 0.937500
vt 0.781250 1.000000
vt 0.485290 0.296802
vt 0.450347 0.289852
vt 0.750000 0.562500
vt 0.750000 0.500000
vt 0.989900 0.250000
vt 0.954272 0.250000
vt 0.750000 0.937500
vt 0.750000 1.000000
vt 0.489899 0.250000
vt 0.454272 0.250000
vt 0.718750 0.562500
vt 0.718750 0.500000
vt 0.985290 0.203198
vt 0.950347 0.210148
vt 0.718750 0.937500
vt 0.718750 1.000000
vt 0.485290 0.203198
vt 0.450347 0.210148
vt 0.687500 0.562500
vt 0.687500 0.500000
vt 0.971638 0.158194
vt 0.938723 0.171828
vt 0.687500 0.937500
vt 0.687500 1.000000
vt 0.471638 0.158194
vt 0.438723 0.171828
vt 0.656250 0.562500
vt 0.656250 0.500000
vt 0.949469 0.116719
vt 0.919846 0.136512
vt 0.656250 0.937500
vt 0.656250 1.000000
vt 0.449469 0.116719
vt 0.419846 0.136512
vt 0.625000 0.562500
vt 0.625000 0.500000
vt 0.919635 0.080365
vt 0.894442 0.105558
vt 0.625000 0.937500
vt 0.625000 1.000000
vt 0.419635 0.080365
vt 0.394442 0.105558
vt 0.593750 0.562500
vt 0.593750 0.500000
vt 0.883281 0.050531
vt 0.863488 0.080154
vt 0.593750 0.937500
vt 0.593750 1.000000
vt 0.383281 0.050531
vt 0.363488 0.080154
vt 0.562500 0.562500
vt 0.562500 0.500000
vt 0.841806 0.028362
vt 0.828172 0.061277
vt 0.562500 0.937500
vt 0.562500 1.000000
vt 0.341806 0.028362
vt 0.328172 0.061277
vt 0.531250 0.562500
vt 0.531250 0.500000
vt 0.796802 0.014710
vt 0.789852 0.049653
vt 0.531250 0.937500
vt 0.531250 1.000000
vt 0.296802 0.014710
vt 0.289852 0.049653
vt 0.500000 0.562500
vt 0.500000 0.500000
vt 0.750000 0.010101
vt 0.750000 0.045728
vt 0.500000 0.937500
vt 0.500000 1.000000
vt 0.250000 0.010101
vt 0.250000 0.045728
vt 0.468750 0.562500
vt 0.468750 0.500000
vt 0.703198 0.014710
vt 0.710149 0.049653
vt 0.468750 0.937500
vt 0.468750 1.000000
vt 0.203198 0.014710
vt 0.210148 0.049653
vt 0.437500 0.562500
vt 0.437500 0.500000
vt 0.658194 0.028362
vt 0.671828 0.061277
vt 0.437500 0.937500
vt 0.437500 1.000000
vt 0.158194 0.028362
vt 0.171828 0.061277
vt 0.406250 0.562500
vt 0.406250 0.500000
vt 0.616719 0.050531
vt 0.636512 0.080154
vt 0.406250 0.937500
vt 0.406250 1.000000
vt 0.116719 0.050531
vt 0.136512 0.080154
vt 0.375000 0.562500
vt 0.375000 0.500000
vt 0.580365 0.080365
vt 0.605557 0.105558
vt 0.375000 0.937500
vt 0.375000 1.000000
vt 0.080365 0.080365
vt 0.105558 0.105558
vt 0.343750 0.562500
vt 0.343750 0.500000
vt 0.550531 0.116719
vt 0.580154 0.136512
vt 0.343750 0.937500
vt 0.343750 1.000000
vt 0.050531 0.116719
vt 0.080154 0.136512
vt 0.312500 0.562500
vt 0.312500 0.500000
vt 0.528362 0.158194
vt 0.561277 0.171828
vt 0.312500 0.937500
vt 0.312500 1.000000
vt 0.028362 0.158194
vt 0.061277 0.171828
vt 0.281250 0.562500
vt 0.281250 0.500000
vt 0.514710 0.203198
vt 0.549653 0.210148
vt 0.281250 0.937500
vt 0.281250 1.000000
vt 0.014710 0.203198
vt 0.049653 0.210148
vt 0.250000 0.562500
vt 0.250000 0.500000
vt 0.510101 0.250000
vt 0.545728 0.250000
vt 0.250000 0.937500
vt 0.250000 1.000000
vt 0.010101 0.250000
vt 0.045728 0.250000
vt 0.218750 0.562500
vt 0.218750 0.500000
vt 0.514710 0.296802
vt 0.549653 0.289852
vt 0.218750 0.937500
vt 0.218750 1.000000
vt 0.014710 0.296802
vt 0.049653 0.289852
vt 0.187500 0.562500
vt 0.187500 0.500000
vt 0.528362 0.341806
vt 0.561277 0.328172
vt 0.187500 0.937500
vt 0.187500 1.000000
vt 0.028362 0.341806
vt 0.061277 0.328172
vt 0.156250 0.562500
vt 0.156250 0.500000
vt 0.550531 0.383281
vt 0.580154 0.363488
vt 0.156250 0.937500
vt 0.156250 1.000000
vt 0.050531 0.383281
vt 0.080154 0.363488
vt 0.125000 0.562500
vt 0.125000 0.500000
vt 0.580365 0.419635
vt 0.605558 0.394442
vt 0.125000 0.937500
vt 0.125000 1.000000
vt 0.080365 0.419635
vt 0.105558 0.394442
vt 0.093750 0.562500
vt 0.093750 0.500000
vt 0.616719 0.449469
vt 0.636512 0.419846
vt 0.093750 0.937500
vt 0.093750 1.000000
vt 0.116719 0.449469
vt 0.136512 0.419846
vt 0.062500 0.562500
vt 0.062500 0.500000
vt 0.658194 0.471638
vt 0.671828 0.438723
vt 0.062500 0.937500
vt 0.062500 1.000000
vt 0.158194 0.471638
vt 0.171828 0.438723
vt 0.031250 0.562500
vt 0.031250 0.500000
vt 0.703198 0.485290
vt 0.710148 0.450347
vt 0.031250 0.937500
vt 0.031250 1.000000
vt 0.203198 0.485290
vt 0.210148 0.450347
vt 0.000000 0.562500
vt 0.000681 0.500000
vt 0.000000 0.937500
vt 0.000681 1.000000
s 0
usemtl Mat_Wheels
f 434/658/341 440/659/341 441/660/341 435/661/341
f 435/662/342 441/663/342 439/664/342 433/665/342
f 443/666/343 437/667/343 438/668/343 444/669/343
f 444/670/344 438/671/344 436/672/344 442/673/344
f 440/659/345 446/674/345 447/675/345 441/660/345
f 441/663/346 447/676/346 445/677/346 439/664/346
f 449/678/347 443/666/347 444/669/347 450/679/347
f 450/680/348 444/670/348 442/673/348 448/681/348
f 446/674/349 452/682/349 453/683/349 447/675/349
f 447/676/350 453/684/350 451/685/350 445/677/350
f 455/686/351 449/678/351 450/679/351 456/687/351
f 456/688/352 450/680/352 448/681/352 454/689/352
f 452/682/353 458/690/353 459/691/353 453/683/353
f 453/684/354 459/692/354 457/693/354 451/685/354
f 461/694/355 455/686/355 456/687/355 462/695/355
f 462/696/356 456/688/356 454/689/356 460/697/356
f 458/690/357 464/698/357 465/699/357 459/691/357
f 459/692/358 465/700/358 463/701/358 457/693/358
f 467/702/359 461/694/359 462/695/359 468/703/359
f 468/704/360 462/696/360 460/697/360 466/705/360
f 464/698/361 470/706/361 471/707/361 465/699/361
f 465/700/362 471/708/362 469/709/362 463/701/362
f 473/710/363 467/702/363 468/703/363 474/711/363
f 474/712/364 468/704/364 466/705/364 472/713/364
f 470/706/365 476/714/365 477/715/365 471/707/365
f 471/708/366 477/716/366 475/717/366 469/709/366
f 479/718/367 473/710/367 474/711/367 480/719/367
f 480/720/368 474/712/368 472/713/368 478/721/368
f 476/714/369 482/722/369 483/723/369 477/715/369
f 477/716/370 483/724/370 481/725/370 475/717/370
f 485/726/371 479/718/371 480/719/371 486/727/371
f 486/728/372 480/720/372 478/721/372 484/729/372
f 482/722/373 488/730/373 489/731/373 483/723/373
f 483/724/374 489/732/374 487/733/374 481/725/374
f 491/734/375 485/726/375 486/727/375 492/735/375
f 492/736/376 486/728/376 484/729/376 490/737/376
f 488/730/377 494/738/377 495/739/377 489/731/377
f 489/732/378 495/740/378 493/741/378 487/733/378
f 497/742/379 491/734/379 492/735/379 498/743/379
f 498/744/380 492/736/380 490/737/380 496/745/380
f 494/738/381 500/746/381 501/747/381 495/739/381
f 495/740/382 501/748/382 499/749/382 493/741/382
f 503/750/383 497/742/383 498/743/383 504/751/383
f 504/752/384 498/744/384 496/745/384 502/753/384
f 500/746/385 506/754/385 507/755/385 501/747/385
f 501/748/386 507/756/386 505/757/386 499/749/386
f 509/758/387 503/750/387 504/751/387 510/759/387
f 510/760/388 504/752/388 502/753/388 508/761/388
f 506/754/389 512/762/389 513/763/389 507/755/389
f 507/756/390 513/764/390 511/765/390 505/757/390
f 515/766/391 509/758/391 510/759/391 516/767/391
f 516/768/392 510/760/392 508/761/392 514/769/392
f 512/762/393 518/770/393 519/771/393 513/763/393
f 513/764/394 519/772/394 517/773/394 511/765/394
f 521/774/395 515/766/395 516/767/395 522/775/395
f 522/776/396 516/768/396 514/769/396 520/777/396
f 518/770/397 524/778/397 525/779/397 519/771/397
f 519/772/398 525/780/398 523/781/398 517/773/398
f 527/782/399 521/774/399 522/775/399 528/783/399
f 528/784/400 522/776/400 520/777/400 526/785/400
f 524/778/401 530/786/401 531/787/401 525/779/401
f 525/780/402 531/788/402 529/789/402 523/781/402
f 533/790/403 527/782/403 528/783/403 534/791/403
f 534/792/404 528/784/404 526/785/404 532/793/404
f 530/786/405 536/794/405 537/795/405 531/787/405
f 531/788/406 537/796/406 535/797/406 529/789/406
f 539/798/407 533/790/407 534/791/407 540/799/407
f 540/800/408 534/792/408 532/793/408 538/801/408
f 536/794/409 542/802/409 543/803/409 537/795/409
f 537/796/410 543/804/410 541/805/410 535/797/410
f 545/806/411 539/798/411 540/799/411 546/807/411
f 546/808/412 540/800/412 538/801/412 544/809/412
f 542/802/413 548/810/413 549/811/413 543/803/413
f 543/804/414 549/812/414 547/813/414 541/805/414
f 551/814/415 545/806/415 546/807/415 552/815/415
f 552/816/416 546/808/416 544/809/416 550/817/416
f 548/810/417 554/818/417 555/819/417 549/811/417
f 549/812/418 555/820/418 553/821/418 547/813/418
f 557/822/419 551/814/419 552/815/419 558/823/419
f 558/824/420 552/816/420 550/817/420 556/825/420
f 554/818/421 560/826/421 561/827/421 555/819/421
f 555/820/422 561/828/422 559/829/422 553/821/422
f 563/830/423 557/822/423 558/823/423 564/831/423
f 564/832/424 558/824/424 556/825/424 562/833/424
f 560/826/425 566/834/425 567/835/425 561/827/425
f 561/828/426 567/836/426 565/837/426 559/829/426
f 569/838/427 563/830/427 564/831/427 570/839/427
f 570/840/428 564/832/428 562/833/428 568/841/428
f 566/834/429 572/842/429 573/843/429 567/835/429
f 567/836/430 573/844/430 571/845/430 565/837/430
f 575/846/431 569/838/431 570/839/431 576/847/431
f 576/848/432 570/840/432 568/841/432 574/849/432
f 572/842/433 578/850/433 579/851/433 573/843/433
f 573/844/434 579/852/434 577/853/434 571/845/434
f 581/854/435 575/846/435 576/847/435 582/855/435
f 582/856/436 576/848/436 574/849/436 580/857/436
f 578/850/437 584/858/437 585/859/437 579/851/437
f 579/852/438 585/860/438 583/861/438 577/853/438
f 587/862/439 581/854/439 582/855/439 588/863/439
f 588/864/440 582/856/440 580/857/440 586/865/440
f 584/858/441 590/866/441 591/867/441 585/859/441
f 585/860/442 591/868/442 589/869/442 583/861/442
f 593/870/443 587/862/443 588/863/443 594/871/443
f 594/872/444 588/864/444 586/865/444 592/873/444
f 590/866/445 596/874/445 597/875/445 591/867/445
f 591/868/446 597/876/446 595/877/446 589/869/446
f 599/878/447 593/870/447 594/871/447 600/879/447
f 600/880/448 594/872/448 592/873/448 598/881/448
f 596/874/449 602/882/449 603/883/449 597/875/449
f 597/876/450 603/884/450 601/885/450 595/877/450
f 605/886/451 599/878/451 600/879/451 606/887/451
f 606/888/452 600/880/452 598/881/452 604/889/452
f 602/882/453 608/890/453 609/891/453 603/883/453
f 603/884/454 609/892/454 607/893/454 601/885/454
f 611/894/455 605/886/455 606/887/455 612/895/455
f 612/896/456 606/888/456 604/889/456 610/897/456
f 608/890/457 614/898/457 615/899/457 609/891/457
f 609/892/458 615/900/458 613/901/458 607/893/458
f 617/902/459 611/894/459 612/895/459 618/903/459
f 618/904/460 612/896/460 610/897/460 616/905/460
f 614/898/461 620/906/461 621/907/461 615/899/461
f 615/900/462 621/908/462 619/909/462 613/901/462
f 623/910/463 617/902/463 618/903/463 624/911/463
f 624/912/464 618/904/464 616/905/464 622/913/464
f 620/906/465 434/914/465 435/915/465 621/907/465
f 621/908/466 435/662/466 433/665/466 619/909/466
f 437/916/467 623/910/467 624/911/467 438/917/467
f 438/671/468 624/912/468 622/913/468 436/672/468
f 433/665/469 439/664/469 445/677/469 451/685/469 457/693/469 463/701/469 469/709/469 475/717/469 481/725/469 487/733/469 493/741/469 499/749/469 505/757/469 511/765/469 517/773/469 523/781/469 529/789/469 535/797/469 541/805/469 547/813/469 553/821/469 559/829/469 565/837/469 571/845/469 577/853/469 583/861/469 589/869/469 595/877/469 601/885/469 607/893/469 613/901/469 619/909/469
f 434/658/470 437/667/470 443/666/470 440/659/470
f 620/906/471 623/910/471 437/916/471 434/914/471
f 442/673/472 436/672/472 622/913/472 616/905/472 610/897/472 604/889/472 598/881/472 592/873/472 586/865/472 580/857/472 574/849/472 568/841/472 562/833/472 556/825/472 550/817/472 544/809/472 538/801/472 532/793/472 526/785/472 520/777/472 514/769/472 508/761/472 502/753/472 496/745/472 490/737/472 484/729/472 478/721/472 472/713/472 466/705/472 460/697/472 454/689/472 448/681/472
f 440/659/473 443/666/473 449/678/473 446/674/473
f 446/674/474 449/678/474 455/686/474 452/682/474
f 452/682/475 455/686/475 461/694/475 458/690/475
f 458/690/476 461/694/476 467/702/476 464/698/476
f 464/698/477 467/702/477 473/710/477 470/706/477
f 470/706/478 473/710/478 479/718/478 476/714/478
f 476/714/479 479/718/479 485/726/479 482/722/479
f 482/722/480 485/726/480 491/734/480 488/730/480
f 488/730/481 491/734/481 497/742/481 494/738/481
f 494/738/482 497/742/482 503/750/482 500/746/482
f 500/746/483 503/750/483 509/758/483 506/754/483
f 506/754/484 509/758/484 515/766/484 512/762/484
f 512/762/485 515/766/485 521/774/485 518/770/485
f 518/770/486 521/774/486 527/782/486 524/778/486
f 524/778/487 527/782/487 533/790/487 530/786/487
f 530/786/488 533/790/488 539/798/488 536/794/488
f 536/794/489 539/798/489 545/806/489 542/802/489
f 542/802/490 545/806/490 551/814/490 548/810/490
f 548/810/491 551/814/491 557/822/491 554/818/491
f 554/818/492 557/822/492 563/830/492 560/826/492
f 560/826/493 563/830/493 569/838/493 566/834/493
f 566/834/494 569/838/494 575/846/494 572/842/494
f 572/842/495 575/846/495 581/854/495 578/850/495
f 578/850/496 581/854/496 587/862/496 584/858/496
f 584/858/497 587/862/497 593/870/497 590/866/497
f 590/866/498 593/870/498 599/878/498 596/874/498
f 596/874/499 599/878/499 605/886/499 602/882/499
f 602/882/500 605/886/500 611/894/500 608/890/500
f 608/890/501 611/894/501 617/902/501 614/898/501
f 614/898/502 617/902/502 623/910/502 620/906/502
o Wheel_Rear_Left
v -0.121000 0.027000 0.197019
v -0.117000 0.027000 0.193000
v -0.119828 0.027000 0.194177
v -0.089000 0.027000 0.197019
v -0.093000 0.027000 0.193000
v -0.090172 0.027000 0.194177
v -0.121000 0.022517 0.197461
v -0.117000 0.021733 0.193519
v -0.119828 0.021962 0.194673
v -0.089000 0.022517 0.197461
v -0.093000 0.021733 0.193519
v -0.090172 0.021962 0.194673
v -0.121000 0.018206 0.198769
v -0.117000 0.016668 0.195055
v -0.119828 0.017118 0.196143
v -0.089000 0.018206 0.198769
v -0.093000 0.016668 0.195055
v -0.090172 0.017118 0.196143
v -0.121000 0.014233 0.200892
v -0.117000 0.012000 0.197550
v -0.119828 0.012654 0.198529
v -0.089000 0.014233 0.200892
v -0.093000 0.012000 0.197550
v -0.090172 0.012654 0.198529
v -0.121000 0.010750 0.203750
v -0.117000 0.007908 0.200908
v -0.119828 0.008741 0.201741
v -0.089000 0.010750 0.203750
v -0.093000 0.007908 0.200908
v -0.090172 0.008741 0.201741
v -0.121000 0.007892 0.207233
v -0.117000 0.004550 0.205000
v -0.119828 0.005529 0.205654
v -0.089000 0.007892 0.207233
v -0.093000 0.004550 0.205000
v -0.090172 0.005529 0.205654
v -0.121000 0.005769 0.211206
v -0.117000 0.002055 0.209668
v -0.119828 0.003143 0.210118
v -0.089000 0.005769 0.211206
v -0.093000 0.002055 0.209668
v -0.090172 0.003143 0.210118
v -0.121000 0.004461 0.215517
v -0.117000 0.000519 0.214733
v -0.119828 0.001673 0.214962
v -0.089000 0.004461 0.215517
v -0.093000 0.000519 0.214733
v -0.090172 0.001673 0.214962
v -0.121000 0.004019 0.220000
v -0.117000 0.000000 0.220000
v -0.119828 0.001177 0.220000
v -0.089000 0.004019 0.220000
v -0.093000 0.000000 0.220000
v -0.090172 0.001177 0.220000
v -0.121000 0.004461 0.224483
v -0.117000 0.000519 0.225267
v -0.119828 0.001673 0.225038
v -0.089000 0.004461 0.224483
v -0.093000 0.000519 0.225267
v -0.090172 0.001673 0.225038
v -0.121000 0.005769 0.228794
v -0.117000 0.002055 0.230332
v -0.119828 0.003143 0.229882
v -0.089000 0.005769 0.228794
v -0.093000 0.002055 0.230332
v -0.090172 0.003143 0.229882
v -0.121000 0.007892 0.232767
v -0.117000 0.004550 0.235000
v -0.119828 0.005529 0.234346
v -0.089000 0.007892 0.232767
v -0.093000 0.004550 0.235000
v -0.090172 0.005529 0.234346
v -0.121000 0.010750 0.236250
v -0.117000 0.007908 0.239092
v -0.119828 0.008741 0.238259
v -0.089000 0.010750 0.236250
v -0.093000 0.007908 0.239092
v -0.090172 0.008741 0.238259
v -0.121000 0.014233 0.239108
v -0.117000 0.012000 0.242450
v -0.119828 0.012654 0.241471
v -0.089000 0.014233 0.239108
v -0.093000 0.012000 0.242450
v -0.090172 0.012654 0.241471
v -0.121000 0.018206 0.241231
v -0.117000 0.016668 0.244945
v -0.119828 0.017118 0.243857
v -0.089000 0.018206 0.241231
v -0.093000 0.016668 0.244945
v -0.090172 0.017118 0.243857
v -0.121000 0.022517 0.242539
v -0.117000 0.021733 0.246481
v -0.119828 0.021962 0.245327
v -0.089000 0.022517 0.242539
v -0.093000 0.021733 0.246481
v -0.090172 0.021962 0.245327
v -0.121000 0.027000 0.242981
v -0.117000 0.027000 0.247000
v -0.119828 0.027000 0.245823
v -0.089000 0.027000 0.242981
v -0.093000 0.027000 0.247000
v -0.090172 0.027000 0.245823
v -0.121000 0.031483 0.242539
v -0.117000 0.032267 0.246481
v -0.119828 0.032038 0.245327
v -0.089000 0.031483 0.242539
v -0.093000 0.032267 0.246481
v -0.090172 0.032038 0.245327
v -0.121000 0.035794 0.241231
v -0.117000 0.037332 0.244945
v -0.119828 0.036882 0.243857
v -0.089000 0.035794 0.241231
v -0.093000 0.037332 0.244945
v -0.090172 0.036882 0.243857
v -0.121000 0.039767 0.239108
v -0.117000 0.042000 0.242450
v -0.119828 0.041346 0.241471
v -0.089000 0.039767 0.239108
v -0.093000 0.042000 0.242450
v -0.090172 0.041346 0.241471
v -0.121000 0.043250 0.236250
v -0.117000 0.046092 0.239092
v -0.119828 0.045259 0.238259
v -0.089000 0.043250 0.236250
v -0.093000 0.046092 0.239092
v -0.090172 0.045259 0.238259
v -0.121000 0.046108 0.232767
v -0.117000 0.049450 0.235000
v -0.119828 0.048471 0.234346
v -0.089000 0.046108 0.232767
v -0.093000 0.049450 0.235000
v -0.090172 0.048471 0.234346
v -0.121000 0.048231 0.228794
v -0.117000 0.051945 0.230332
v -0.119828 0.050857 0.229882
v -0.089000 0.048231 0.228794
v -0.093000 0.051945 0.230332
v -0.090172 0.050857 0.229882
v -0.121000 0.049539 0.224483
v -0.117000 0.053481 0.225267
v -0.119828 0.052327 0.225038
v -0.089000 0.049539 0.224483
v -0.093000 0.053481 0.225267
v -0.090172 0.052327 0.225038
v -0.121000 0.049981 0.220000
v -0.117000 0.054000 0.220000
v -0.119828 0.052823 0.220000
v -0.089000 0.049981 0.220000
v -0.093000 0.054000 0.220000
v -0.090172 0.052823 0.220000
v -0.121000 0.049539 0.215517
v -0.117000 0.053481 0.214733
v -0.119828 0.052327 0.214962
v -0.089000 0.049539 0.215517
v -0.093000 0.053481 0.214733
v -0.090172 0.052327 0.214962
v -0.121000 0.048231 0.211206
v -0.117000 0.051945 0.209668
v -0.119828 0.050857 0.210118
v -0.089000 0.048231 0.211206
v -0.093000 0.051945 0.209668
v -0.090172 0.050857 0.210118
v -0.121000 0.046108 0.207233
v -0.117000 0.049450 0.205000
v -0.119828 0.048471 0.205654
v -0.089000 0.046108 0.207233
v -0.093000 0.049450 0.205000
v -0.090172 0.048471 0.205654
v -0.121000 0.043250 0.203750
v -0.117000 0.046092 0.200908
v -0.119828 0.045259 0.201741
v -0.089000 0.043250 0.203750
v -0.093000 0.046092 0.200908
v -0.090172 0.045259 0.201741
v -0.121000 0.039767 0.200892
v -0.117000 0.042000 0.197550
v -0.119828 0.041346 0.198529
v -0.089000 0.039767 0.200892
v -0.093000 0.042000 0.197550
v -0.090172 0.041346 0.198529
v -0.121000 0.035794 0.198769
v -0.117000 0.037332 0.195055
v -0.119828 0.036882 0.196143
v -0.089000 0.035794 0.198769
v -0.093000 0.037332 0.195055
v -0.090172 0.036882 0.196143
v -0.121000 0.031483 0.197461
v -0.117000 0.032267 0.193519
v -0.119828 0.032038 0.194673
v -0.089000 0.031483 0.197461
v -0.093000 0.032267 0.193519
v -0.090172 0.032038 0.194673
vn -0.3827 -0.0906 -0.9194
vn -0.9239 -0.0375 -0.3808
vn 0.3827 -0.0906 -0.9194
vn 0.9239 -0.0375 -0.3808
vn -0.3827 -0.2682 -0.8841
vn -0.9239 -0.1111 -0.3662
vn 0.3827 -0.2682 -0.8841
vn 0.9239 -0.1111 -0.3662
vn -0.3827 -0.4355 -0.8148
vn -0.9239 -0.1804 -0.3375
vn 0.3827 -0.4355 -0.8148
vn 0.9239 -0.1804 -0.3375
vn -0.3827 -0.5861 -0.7142
vn -0.9239 -0.2428 -0.2958
vn 0.3827 -0.5861 -0.7142
vn 0.9239 -0.2428 -0.2958
vn -0.3827 -0.7142 -0.5861
vn -0.9239 -0.2958 -0.2428
vn 0.3827 -0.7142 -0.5861
vn 0.9239 -0.2958 -0.2428
vn -0.3827 -0.8148 -0.4355
vn -0.9239 -0.3375 -0.1804
vn 0.3827 -0.8148 -0.4355
vn 0.9239 -0.3375 -0.1804
vn -0.3827 -0.8841 -0.2682
vn -0.9239 -0.3662 -0.1111
vn 0.3827 -0.8841 -0.2682
vn 0.9239 -0.3662 -0.1111
vn -0.3827 -0.9194 -0.0906
vn -0.9239 -0.3808 -0.0375
vn 0.3827 -0.9194 -0.0906
vn 0.9239 -0.3808 -0.0375
vn -0.3827 -0.9194 0.0906
vn -0.9239 -0.3808 0.0375
vn 0.3827 -0.9194 0.0906
vn 0.9239 -0.3808 0.0375
vn -0.3827 -0.8841 0.2682
vn -0.9239 -0.3662 0.1111
vn 0.3827 -0.8841 0.2682
vn 0.9239 -0.3662 0.1111
vn -0.3827 -0.8148 0.4355
vn -0.9239 -0.3375 0.1804
vn 0.3827 -0.8148 0.4355
vn 0.9239 -0.3375 0.1804
vn -0.3827 -0.7142 0.5861
vn -0.9239 -0.2958 0.2428
vn 0.3827 -0.7142 0.5861
vn 0.9239 -0.2958 0.2428
vn -0.3827 -0.5861 0.7142
vn -0.9239 -0.2428 0.2958
vn 0.3827 -0.5861 0.7142
vn 0.9239 -0.2428 0.2958
vn -0.3827 -0.4355 0.8148
vn -0.9239 -0.1804 0.3375
vn 0.3827 -0.4355 0.8148
vn 0.9239 -0.1804 0.3375
vn -0.3827 -0.2682 0.8841
vn -0.9239 -0.1111 0.3662
vn 0.3827 -0.2682 0.8841
vn 0.9239 -0.1111 0.3662
vn -0.3827 -0.0906 0.9194
vn -0.9239 -0.0375 0.3808
vn 0.3827 -0.0906 0.9194
vn 0.9239 -0.0375 0.3808
vn -0.3827 0.0906 0.9194
vn -0.9239 0.0375 0.3808
vn 0.3827 0.0906 0.9194
vn 0.9239 0.0375 0.3808
vn -0.3827 0.2682 0.8841
vn -0.9239 0.1111 0.3662
vn 0.3827 0.2682 0.8841
vn 0.9239 0.1111 0.3662
vn -0.3827 0.4355 0.8148
vn -0.9239 0.1804 0.3375
vn 0.3827 0.4355 0.8148
vn 0.9239 0.1804 0.3375
vn -0.3827 0.5861 0.7142
vn -0.9239 0.2428 0.2958
vn 0.3827 0.5861 0.7142
vn 0.9239 0.2428 0.2958
vn -0.3827 0.7142 0.5861
vn -0.9239 0.2958 0.2428
vn 0.3827 0.7142 0.5861
vn 0.9239 0.2958 0.2428
vn -0.3827 0.8148 0.4355
vn -0.9239 0.3375 0.1804
vn 0.3827 0.8148 0.4355
vn 0.9239 0.3375 0.1804
vn -0.3827 0.8841 0.2682
vn -0.9239 0.3662 0.1111
vn 0.3827 0.8841 0.2682
vn 0.9239 0.3662 0.1111
vn -0.3827 0.9194 0.0906
vn -0.9239 0.3808 0.0375
vn 0.3827 0.9194 0.0906
vn 0.9239 0.3808 0.0375
vn -0.3827 0.9194 -0.0906
vn -0.9239 0.3808 -0.0375
vn 0.3827 0.9194 -0.0906
vn 0.9239 0.3808 -0.0375
vn -0.3827 0.8841 -0.2682
vn -0.9239 0.3662 -0.1111
vn 0.3827 0.8841 -0.2682
vn 0.9239 0.3662 -0.1111
vn -0.3827 0.8148 -0.4355
vn -0.9239 0.3375 -0.1804
vn 0.3827 0.8148 -0.4355
vn 0.9239 0.3375 -0.1804
vn -0.3827 0.7142 -0.5861
vn -0.9239 0.2958 -0.2428
vn 0.3827 0.7142 -0.5861
vn 0.9239 0.2958 -0.2428
vn -0.3827 0.5861 -0.7142
vn -0.9239 0.2428 -0.2958
vn 0.3827 0.5861 -0.7142
vn 0.9239 0.2428 -0.2958
vn -0.3827 0.4355 -0.8148
vn -0.9239 0.1804 -0.3375
vn 0.3827 0.4355 -0.8148
vn 0.9239 0.1804 -0.3375
vn -0.3827 0.2682 -0.8841
vn -0.9239 0.1111 -0.3662
vn 0.3827 0.2682 -0.8841
vn 0.9239 0.1111 -0.3662
vn -0.3827 0.0906 -0.9194
vn -0.9239 0.0375 -0.3808
vn 0.3827 0.0906 -0.9194
vn 0.9239 0.0375 -0.3808
vn -1.0000 -0.0000 -0.0000
vn -0.0000 -0.0980 -0.9952
vn -0.0000 0.0980 -0.9952
vn 1.0000 -0.0000 -0.0000
vn -0.0000 -0.2903 -0.9569
vn -0.0000 -0.4714 -0.8819
vn -0.0000 -0.6344 -0.7730
vn -0.0000 -0.7730 -0.6344
vn -0.0000 -0.8819 -0.4714
vn -0.0000 -0.9569 -0.2903
vn -0.0000 -0.9952 -0.0980
vn -0.0000 -0.9952 0.0980
vn -0.0000 -0.9569 0.2903
vn -0.0000 -0.8819 0.4714
vn -0.0000 -0.7730 0.6344
vn -0.0000 -0.6344 0.7730
vn -0.0000 -0.4714 0.8819
vn -0.0000 -0.2903 0.9569
vn -0.0000 -0.0980 0.9952
vn -0.0000 0.0980 0.9952
vn -0.0000 0.2903 0.9569
vn -0.0000 0.4714 0.8819
vn -0.0000 0.6344 0.7730
vn -0.0000 0.7730 0.6344
vn -0.0000 0.8819 0.4714
vn -0.0000 0.9569 0.2903
vn -0.0000 0.9952 0.0980
vn -0.0000 0.9952 -0.0980
vn -0.0000 0.9569 -0.2903
vn -0.0000 0.8819 -0.4714
vn -0.0000 0.7730 -0.6344
vn -0.0000 0.6344 -0.7730
vn -0.0000 0.4714 -0.8819
vn -0.0000 0.2903 -0.9569
vt 1.000000 0.562500
vt 0.968750 0.562500
vt 0.968750 0.500000
vt 0.999319 0.500000
vt 0.750000 0.489899
vt 0.796802 0.485290
vt 0.789852 0.450347
vt 0.750000 0.454272
vt 0.968750 0.937500
vt 1.000000 0.937500
vt 0.999319 1.000000
vt 0.968750 1.000000
vt 0.296802 0.485290
vt 0.250000 0.489899
vt 0.250000 0.454272
vt 0.289852 0.450347
vt 0.937500 0.562500
vt 0.937500 0.500000
vt 0.841806 0.471638
vt 0.828172 0.438723
vt 0.937500 0.937500
vt 0.937500 1.000000
vt 0.341806 0.471638
vt 0.328172 0.438723
vt 0.906250 0.562500
vt 0.906250 0.500000
vt 0.883281 0.449469
vt 0.863488 0.419846
vt 0.906250 0.937500
vt 0.906250 1.000000
vt 0.383281 0.449469
vt 0.363488 0.419846
vt 0.875000 0.562500
vt 0.875000 0.500000
vt 0.919635 0.419635
vt 0.894442 0.394442
vt 0.875000 0.937500
vt 0.875000 1.000000
vt 0.419635 0.419635
vt 0.394442 0.394442
vt 0.843750 0.562500
vt 0.843750 0.500000
vt 0.949469 0.383281
vt 0.919846 0.363488
vt 0.843750 0.937500
vt 0.843750 1.000000
vt 0.449469 0.383281
vt 0.419846 0.363488
vt 0.812500 0.562500
vt 0.812500 0.500000
vt 0.971638 0.341806
vt 0.938723 0.328172
vt 0.812500 0.937500
vt 0.812500 1.000000
vt 0.471638 0.341806
vt 0.438723 0.328172
vt 0.781250 0.562500
vt 0.781250 0.500000
vt 0.985290 0.296802
vt 0.950347 0.289852
vt 0.781250 0.937500
vt 0.781250 1.000000
vt 0.485290 0.296802
vt 0.450347 0.289852
vt 0.750000 0.562500
vt 0.750000 0.500000
vt 0.989900 0.250000
vt 0.954272 0.250000
vt 0.750000 0.937500
vt 0.750000 1.000000
vt 0.489899 0.250000
vt 0.454272 0.250000
vt 0.718750 0.562500
vt 0.718750 0.500000
vt 0.985290 0.203198
vt 0.950347 0.210148
vt 0.718750 0.937500
vt 0.718750 1.000000
vt 0.485290 0.203198
vt 0.450347 0.210148
vt 0.687500 0.562500
vt 0.687500 0.500000
vt 0.971638 0.158194
vt 0.938723 0.171828
vt 0.687500 0.937500
vt 0.687500 1.000000
vt 0.471638 0.158194
vt 0.438723 0.171828
vt 0.656250 0.562500
vt 0.656250 0.500000
vt 0.949469 0.116719
vt 0.919846 0.136512
vt 0.656250 0.937500
vt 0.656250 1.000000
vt 0.449469 0.116719
vt 0.419846 0.136512
vt 0.625000 0.562500
vt 0.625000 0.500000
vt 0.919635 0.080365
vt 0.894442 0.105558
vt 0.625000 0.937500
vt 0.625000 1.000000
vt 0.419635 0.080365
vt 0.394442 0.105558
vt 0.593750 0.562500
vt 0.593750 0.500000
vt 0.883281 0.050531
vt 0.863488 0.080154
vt 0.593750 0.937500
vt 0.593750 1.000000
vt 0.383281 0.050531
vt 0.363488 0.080154
vt 0.562500 0.562500
vt 0.562500 0.500000
vt 0.841806 0.028362
vt 0.828172 0.061277
vt 0.562500 0.937500
vt 0.562500 1.000000
vt 0.341806 0.028362
vt 0.328172 0.061277
vt 0.531250 0.562500
vt 0.531250 0.500000
vt 0.796802 0.014710
vt 0.789852 0.049653
vt 0.531250 0.937500
vt 0.531250 1.000000
vt 0.296802 0.014710
vt 0.289852 0.049653
vt 0.500000 0.562500
vt 0.500000 0.500000
vt 0.750000 0.010101
vt 0.750000 0.045728
vt 0.500000 0.937500
vt 0.500000 1.000000
vt 0.250000 0.010101
vt 0.250000 0.045728
vt 0.468750 0.562500
vt 0.468750 0.500000
vt 0.703198 0.014710
vt 0.710149 0.049653
vt 0.468750 0.937500
vt 0.468750 1.000000
vt 0.203198 0.014710
vt 0.210148 0.049653
vt 0.437500 0.562500
vt 0.437500 0.500000
vt 0.658194 0.028362
vt 0.671828 0.061277
vt 0.437500 0.937500
vt 0.437500 1.000000
vt 0.158194 0.028362
vt 0.171828 0.061277
vt 0.406250 0.562500
vt 0.406250 0.500000
vt 0.616719 0.050531
vt 0.636512 0.080154
vt 0.406250 0.937500
vt 0.406250 1.000000
vt 0.116719 0.050531
vt 0.136512 0.080154
vt 0.375000 0.562500
vt 0.375000 0.500000
vt 0.580365 0.080365
vt 0.605557 0.105558
vt 0.375000 0.937500
vt 0.375000 1.000000
vt 0.080365 0.080365
vt 0.105558 0.105558
vt 0.343750 0.562500
vt 0.343750 0.500000
vt 0.550531 0.116719
vt 0.580154 0.136512
vt 0.343750 0.937500
vt 0.343750 1.000000
vt 0.050531 0.116719
vt 0.080154 0.136512
vt 0.312500 0.562500
vt 0.312500 0.500000
vt 0.528362 0.158194
vt 0.561277 0.171828
vt 0.312500 0.937500
vt 0.312500 1.000000
vt 0.028362 0.158194
vt 0.061277 0.171828
vt 0.281250 0.562500
vt 0.281250 0.500000
vt 0.514710 0.203198
vt 0.549653 0.210148
vt 0.281250 0.937500
vt 0.281250 1.000000
vt 0.014710 0.203198
vt 0.049653 0.210148
vt 0.250000 0.562500
vt 0.250000 0.500000
vt 0.510101 0.250000
vt 0.545728 0.250000
vt 0.250000 0.937500
vt 0.250000 1.000000
vt 0.010101 0.250000
vt 0.045728 0.250000
vt 0.218750 0.562500
vt 0.218750 0.500000
vt 0.514710 0.296802
vt 0.549653 0.289852
vt 0.218750 0.937500
vt 0.218750 1.000000
vt 0.014710 0.296802
vt 0.049653 0.289852
vt 0.187500 0.562500
vt 0.187500 0.500000
vt 0.528362 0.341806
vt 0.561277 0.328172
vt 0.187500 0.937500
vt 0.187500 1.000000
vt 0.028362 0.341806
vt 0.061277 0.328172
vt 0.156250 0.562500
vt 0.156250 0.500000
vt 0.550531 0.383281
vt 0.580154 0.363488
vt 0.156250 0.937500
vt 0.156250 1.000000
vt 0.050531 0.383281
vt 0.080154 0.363488
vt 0.125000 0.562500
vt 0.125000 0.500000
vt 0.580365 0.419635
vt 0.605558 0.394442
vt 0.125000 0.937500
vt 0.125000 1.000000
vt 0.080365 0.419635
vt 0.105558 0.394442
vt 0.093750 0.562500
vt 0.093750 0.500000
vt 0.616719 0.449469
vt 0.636512 0.419846
vt 0.093750 0.937500
vt 0.093750 1.000000
vt 0.116719 0.449469
vt 0.136512 0.419846
vt 0.062500 0.562500
vt 0.062500 0.500000
vt 0.658194 0.471638
vt 0.671828 0.438723
vt 0.062500 0.937500
vt 0.062500 1.000000
vt 0.158194 0.471638
vt 0.171828 0.438723
vt 0.031250 0.562500
vt 0.031250 0.500000
vt 0.703198 0.485290
vt 0.710148 0.450347
vt 0.031250 0.937500
vt 0.031250 1.000000
vt 0.203198 0.485290
vt 0.210148 0.450347
vt 0.000000 0.562500
vt 0.000681 0.500000
vt 0.000000 0.937500
vt 0.000681 1.000000
s 0
usemtl Mat_Wheels
f 626/918/503 632/919/503 633/920/503 627/921/503
f 627/922/504 633/923/504 631/924/504 625/925/504
f 635/926/505 629/927/505 630/928/505 636/929/505
f 636/930/506 630/931/506 628/932/506 634/933/506
f 632/919/507 638/934/507 639/935/507 633/920/507
f 633/923/508 639/936/508 637/937/508 631/924/508
f 641/938/509 635/926/509 636/929/509 642/939/509
f 642/940/510 636/930/510 634/933/510 640/941/510
f 638/934/511 644/942/511 645/943/511 639/935/511
f 639/936/512 645/944/512 643/945/512 637/937/512
f 647/946/513 641/938/513 642/939/513 648/947/513
f 648/948/514 642/940/514 640/941/514 646/949/514
f 644/942/515 650/950/515 651/951/515 645/943/515
f 645/944/516 651/952/516 649/953/516 643/945/516
f 653/954/517 647/946/517 648/947/517 654/955/517
f 654/956/518 648/948/518 646/949/518 652/957/518
f 650/950/519 656/958/519 657/959/519 651/951/519
f 651/952/520 657/960/520 655/961/520 649/953/520
f 659/962/521 653/954/521 654/955/521 660/963/521
f 660/964/522 654/956/522 652/957/522 658/965/522
f 656/958/523 662/966/523 663/967/523 657/959/523
f 657/960/524 663/968/524 661/969/524 655/961/524
f 665/970/525 659/962/525 660/963/525 666/971/525
f 666/972/526 660/964/526 658/965/526 664/973/526
f 662/966/527 668/974/527 669/975/527 663/967/527
f 663/968/528 669/976/528 667/977/528 661/969/528
f 671/978/529 665/970/529 666/971/529 672/979/529
f 672/980/530 666/972/530 664/973/530 670/981/530
f 668/974/531 674/982/531 675/983/531 669/975/531
f 669/976/532 675/984/532 673/985/532 667/977/532
f 677/986/533 671/978/533 672/979/533 678/987/533
f 678/988/534 672/980/534 670/981/534 676/989/534
f 674/982/535 680/990/535 681/991/535 675/983/535
f 675/984/536 681/992/536 679/993/536 673/985/536
f 683/994/537 677/986/537 678/987/537 684/995/537
f 684/996/538 678/988/538 676/989/538 682/997/538
f 680/990/539 686/998/539 687/999/539 681/991/539
f 681/992/540 687/1000/540 685/1001/540 679/993/540
f 689/1002/541 683/994/541 684/995/541 690/1003/541
f 690/1004/542 684/996/542 682/997/542 688/1005/542
f 686/998/543 692/1006/543 693/1007/543 687/999/543
f 687/1000/544 693/1008/544 691/1009/544 685/1001/544
f 695/1010/545 689/1002/545 690/1003/545 696/1011/545
f 696/1012/546 690/1004/546 688/1005/546 694/1013/546
f 692/1006/547 698/1014/547 699/1015/547 693/1007/547
f 693/1008/548 699/1016/548 697/1017/548 691/1009/548
f 701/1018/549 695/1010/549 696/1011/549 702/1019/549
f 702/1020/550 696/1012/550 694/1013/550 700/1021/550
f 698/1014/551 704/1022/551 705/1023/551 699/1015/551
f 699/1016/552 705/1024/552 703/1025/552 697/1017/552
f 707/1026/553 701/1018/553 702/1019/553 708/1027/553
f 708/1028/554 702/1020/554 700/1021/554 706/1029/554
f 704/1022/555 710/1030/555 711/1031/555 705/1023/555
f 705/1024/556 711/1032/556 709/1033/556 703/1025/556
f 713/1034/557 707/1026/557 708/1027/557 714/1035/557
f 714/1036/558 708/1028/558 706/1029/558 712/1037/558
f 710/1030/559 716/1038/559 717/1039/559 711/1031/559
f 711/1032/560 717/1040/560 715/1041/560 709/1033/560
f 719/1042/561 713/1034/561 714/1035/561 720/1043/561
f 720/1044/562 714/1036/562 712/1037/562 718/1045/562
f 716/1038/563 722/1046/563 723/1047/563 717/1039/563
f 717/1040/564 723/1048/564 721/1049/564 715/1041/564
f 725/1050/565 719/1042/565 720/1043/565 726/1051/565
f 726/1052/566 720/1044/566 718/1045/566 724/1053/566
f 722/1046/567 728/1054/567 729/1055/567 723/1047/567
f 723/1048/568 729/1056/568 727/1057/568 721/1049/568
f 731/1058/569 725/1050/569 726/1051/569 732/1059/569
f 732/1060/570 726/1052/570 724/1053/570 730/1061/570
f 728/1054/571 734/1062/571 735/1063/571 729/1055/571
f 729/1056/572 735/1064/572 733/1065/572 727/1057/572
f 737/1066/573 731/1058/573 732/1059/573 738/1067/573
f 738/1068/574 732/1060/574 730/1061/574 736/1069/574
f 734/1062/575 740/1070/575 741/1071/575 735/1063/575
f 735/1064/576 741/1072/576 739/1073/576 733/1065/576
f 743/1074/577 737/1066/577 738/1067/577 744/1075/577
f 744/1076/578 738/1068/578 736/1069/578 742/1077/578
f 740/1070/579 746/1078/579 747/1079/579 741/1071/579
f 741/1072/580 747/1080/580 745/1081/580 739/1073/580
f 749/1082/581 743/1074/581 744/1075/581 750/1083/581
f 750/1084/582 744/1076/582 742/1077/582 748/1085/582
f 746/1078/583 752/1086/583 753/1087/583 747/1079/583
f 747/1080/584 753/1088/584 751/1089/584 745/1081/584
f 755/1090/585 749/1082/585 750/1083/585 756/1091/585
f 756/1092/586 750/1084/586 748/1085/586 754/1093/586
f 752/1086/587 758/1094/587 759/1095/587 753/1087/587
f 753/1088/588 759/1096/588 757/1097/588 751/1089/588
f 761/1098/589 755/1090/589 756/1091/589 762/1099/589
f 762/1100/590 756/1092/590 754/1093/590 760/1101/590
f 758/1094/591 764/1102/591 765/1103/591 759/1095/591
f 759/1096/592 765/1104/592 763/1105/592 757/1097/592
f 767/1106/593 761/1098/593 762/1099/593 768/1107/593
f 768/1108/594 762/1100/594 760/1101/594 766/1109/594
f 764/1102/595 770/1110/595 771/1111/595 765/1103/595
f 765/1104/596 771/1112/596 769/1113/596 763/1105/596
f 773/1114/597 767/1106/597 768/1107/597 774/1115/597
f 774/1116/598 768/1108/598 766/1109/598 772/1117/598
f 770/1110/599 776/1118/599 777/1119/599 771/1111/599
f 771/1112/600 777/1120/600 775/1121/600 769/1113/600
f 779/1122/601 773/1114/601 774/1115/601 780/1123/601
f 780/1124/602 774/1116/602 772/1117/602 778/1125/602
f 776/1118/603 782/1126/603 783/1127/603 777/1119/603
f 777/1120/604 783/1128/604 781/1129/604 775/1121/604
f 785/1130/605 779/1122/605 780/1123/605 786/1131/605
f 786/1132/606 780/1124/606 778/1125/606 784/1133/606
f 782/1126/607 788/1134/607 789/1135/607 783/1127/607
f 783/1128/608 789/1136/608 787/1137/608 781/1129/608
f 791/1138/609 785/1130/609 786/1131/609 792/1139/609
f 792/1140/610 786/1132/610 784/1133/610 790/1141/610
f 788/1134/611 794/1142/611 795/1143/611 789/1135/611
f 789/1136/612 795/1144/612 793/1145/612 787/1137/612
f 797/1146/613 791/1138/613 792/1139/613 798/1147/613
f 798/1148/614 792/1140/614 790/1141/614 796/1149/614
f 794/1142/615 800/1150/615 801/1151/615 795/1143/615
f 795/1144/616 801/1152/616 799/1153/616 793/1145/616
f 803/1154/617 797/1146/617 798/1147/617 804/1155/617
f 804/1156/618 798/1148/618 796/1149/618 802/1157/618
f 800/1150/619 806/1158/619 807/1159/619 801/1151/619
f 801/1152/620 807/1160/620 805/1161/620 799/1153/620
f 809/1162/621 803/1154/621 804/1155/621 810/1163/621
f 810/1164/622 804/1156/622 802/1157/622 808/1165/622
f 806/1158/623 812/1166/623 813/1167/623 807/1159/623
f 807/1160/624 813/1168/624 811/1169/624 805/1161/624
f 815/1170/625 809/1162/625 810/1163/625 816/1171/625
f 816/1172/626 810/1164/626 808/1165/626 814/1173/626
f 812/1166/627 626/1174/627 627/1175/627 813/1167/627
f 813/1168/628 627/922/628 625/925/628 811/1169/628
f 629/1176/629 815/1170/629 816/1171/629 630/1177/629
f 630/931/630 816/1172/630 814/1173/630 628/932/630
f 625/925/631 631/924/631 637/937/631 643/945/631 649/953/631 655/961/631 661/969/631 667/977/631 673/985/631 679/993/631 685/1001/631 691/1009/631 697/1017/631 703/1025/631 709/1033/631 715/1041/631 721/1049/631 727/1057/631 733/1065/631 739/1073/631 745/1081/631 751/1089/631 757/1097/631 763/1105/631 769/1113/631 775/1121/631 781/1129/631 787/1137/631 793/1145/631 799/1153/631 805/1161/631 811/1169/631
f 626/918/632 629/927/632 635/926/632 632/919/632
f 812/1166/633 815/1170/633 629/1176/633 626/1174/633
f 634/933/634 628/932/634 814/1173/634 808/1165/634 802/1157/634 796/1149/634 790/1141/634 784/1133/634 778/1125/634 772/1117/634 766/1109/634 760/1101/634 754/1093/634 748/1085/634 742/1077/634 736/1069/634 730/1061/634 724/1053/634 718/1045/634 712/1037/634 706/1029/634 700/1021/634 694/1013/634 688/1005/634 682/997/634 676/989/634 670/981/634 664/973/634 658/965/634 652/957/634 646/949/634 640/941/634
f 632/919/635 635/926/635 641/938/635 638/934/635
f 638/934/636 641/938/636 647/946/636 644/942/636
f 644/942/637 647/946/637 653/954/637 650/950/637
f 650/950/638 653/954/638 659/962/638 656/958/638
f 656/958/639 659/962/639 665/970/639 662/966/639
f 662/966/640 665/970/640 671/978/640 668/974/640
f 668/974/641 671/978/641 677/986/641 674/982/641
f 674/982/642 677/986/642 683/994/642 680/990/642
f 680/990/643 683/994/643 689/1002/643 686/998/643
f 686/998/644 689/1002/644 695/1010/644 692/1006/644
f 692/1006/645 695/1010/645 701/1018/645 698/1014/645
f 698/1014/646 701/1018/646 707/1026/646 704/1022/646
f 704/1022/647 707/1026/647 713/1034/647 710/1030/647
f 710/1030/648 713/1034/648 719/1042/648 716/1038/648
f 716/1038/649 719/1042/649 725/1050/649 722/1046/649
f 722/1046/650 725/1050/650 731/1058/650 728/1054/650
f 728/1054/651 731/1058/651 737/1066/651 734/1062/651
f 734/1062/652 737/1066/652 743/1074/652 740/1070/652
f 740/1070/653 743/1074/653 749/1082/653 746/1078/653
f 746/1078/654 749/1082/654 755/1090/654 752/1086/654
f 752/1086/655 755/1090/655 761/1098/655 758/1094/655
f 758/1094/656 761/1098/656 767/1106/656 764/1102/656
f 764/1102/657 767/1106/657 773/1114/657 770/1110/657
f 770/1110/658 773/1114/658 779/1122/658 776/1118/658
f 776/1118/659 779/1122/659 785/1130/659 782/1126/659
f 782/1126/660 785/1130/660 791/1138/660 788/1134/660
f 788/1134/661 791/1138/661 797/1146/661 794/1142/661
f 794/1142/662 797/1146/662 803/1154/662 800/1150/662
f 800/1150/663 803/1154/663 809/1162/663 806/1158/663
f 806/1158/664 809/1162/664 815/1170/664 812/1166/664
o Wheel_Rear_Right
v 0.089000 0.027000 0.197019
v 0.093000 0.027000 0.193000
v 0.090172 0.027000 0.194177
v 0.121000 0.027000 0.197019
v 0.117000 0.027000 0.193000
v 0.119828 0.027000 0.194177
v 0.089000 0.022517 0.197461
v 0.093000 0.021733 0.193519
v 0.090172 0.021962 0.194673
v 0.121000 0.022517 0.197461
v 0.117000 0.021733 0.193519
v 0.119828 0.021962 0.194673
v 0.089000 0.018206 0.198769
v 0.093000 0.016668 0.195055
v 0.090172 0.017118 0.196143
v 0.121000 0.018206 0.198769
v 0.117000 0.016668 0.195055
v 0.119828 0.017118 0.196143
v 0.089000 0.014233 0.200892
v 0.093000 0.012000 0.197550
v 0.090172 0.012654 0.198529
v 0.121000 0.014233 0.200892
v 0.117000 0.012000 0.197550
v 0.119828 0.012654 0.198529
v 0.089000 0.010750 0.203750
v 0.093000 0.007908 0.200908
v 0.090172 0.008741 0.201741
v 0.121000 0.010750 0.203750
v 0.117000 0.007908 0.200908
v 0.119828 0.008741 0.201741
v 0.089000 0.007892 0.207233
v 0.093000 0.004550 0.205000
v 0.090172 0.005529 0.205654
v 0.121000 0.007892 0.207233
v 0.117000 0.004550 0.205000
v 0.119828 0.005529 0.205654
v 0.089000 0.005769 0.211206
v 0.093000 0.002055 0.209668
v 0.090172 0.003143 0.210118
v 0.121000 0.005769 0.211206
v 0.117000 0.002055 0.209668
v 0.119828 0.003143 0.210118
v 0.089000 0.004461 0.215517
v 0.093000 0.000519 0.214733
v 0.090172 0.001673 0.214962
v 0.121000 0.004461 0.215517
v 0.117000 0.000519 0.214733
v 0.119828 0.001673 0.214962
v 0.089000 0.004019 0.220000
v 0.093000 0.000000 0.220000
v 0.090172 0.001177 0.220000
v 0.121000 0.004019 0.220000
v 0.117000 0.000000 0.220000
v 0.119828 0.001177 0.220000
v 0.089000 0.004461 0.224483
v 0.093000 0.000519 0.225267
v 0.090172 0.001673 0.225038
v 0.121000 0.004461 0.224483
v 0.117000 0.000519 0.225267
v 0.119828 0.001673 0.225038
v 0.089000 0.005769 0.228794
v 0.093000 0.002055 0.230332
v 0.090172 0.003143 0.229882
v 0.121000 0.005769 0.228794
v 0.117000 0.002055 0.230332
v 0.119828 0.003143 0.229882
v 0.089000 0.007892 0.232767
v 0.093000 0.004550 0.235000
v 0.090172 0.005529 0.234346
v 0.121000 0.007892 0.232767
v 0.117000 0.004550 0.235000
v 0.119828 0.005529 0.234346
v 0.089000 0.010750 0.236250
v 0.093000 0.007908 0.239092
v 0.090172 0.008741 0.238259
v 0.121000 0.010750 0.236250
v 0.117000 0.007908 0.239092
v 0.119828 0.008741 0.238259
v 0.089000 0.014233 0.239108
v 0.093000 0.012000 0.242450
v 0.090172 0.012654 0.241471
v 0.121000 0.014233 0.239108
v 0.117000 0.012000 0.242450
v 0.119828 0.012654 0.241471
v 0.089000 0.018206 0.241231
v 0.093000 0.016668 0.244945
v 0.090172 0.017118 0.243857
v 0.121000 0.018206 0.241231
v 0.117000 0.016668 0.244945
v 0.119828 0.017118 0.243857
v 0.089000 0.022517 0.242539
v 0.093000 0.021733 0.246481
v 0.090172 0.021962 0.245327
v 0.121000 0.022517 0.242539
v 0.117000 0.021733 0.246481
v 0.119828 0.021962 0.245327
v 0.089000 0.027000 0.242981
v 0.093000 0.027000 0.247000
v 0.090172 0.027000 0.245823
v 0.121000 0.027000 0.242981
v 0.117000 0.027000 0.247000
v 0.119828 0.027000 0.245823
v 0.089000 0.031483 0.242539
v 0.093000 0.032267 0.246481
v 0.090172 0.032038 0.245327
v 0.121000 0.031483 0.242539
v 0.117000 0.032267 0.246481
v 0.119828 0.032038 0.245327
v 0.089000 0.035794 0.241231
v 0.093000 0.037332 0.244945
v 0.090172 0.036882 0.243857
v 0.121000 0.035794 0.241231
v 0.117000 0.037332 0.244945
v 0.119828 0.036882 0.243857
v 0.089000 0.039767 0.239108
v 0.093000 0.042000 0.242450
v 0.090172 0.041346 0.241471
v 0.121000 0.039767 0.239108
v 0.117000 0.042000 0.242450
v 0.119828 0.041346 0.241471
v 0.089000 0.043250 0.236250
v 0.093000 0.046092 0.239092
v 0.090172 0.045259 0.238259
v 0.121000 0.043250 0.236250
v 0.117000 0.046092 0.239092
v 0.119828 0.045259 0.238259
v 0.089000 0.046108 0.232767
v 0.093000 0.049450 0.235000
v 0.090172 0.048471 0.234346
v 0.121000 0.046108 0.232767
v 0.117000 0.049450 0.235000
v 0.119828 0.048471 0.234346
v 0.089000 0.048231 0.228794
v 0.093000 0.051945 0.230332
v 0.090172 0.050857 0.229882
v 0.121000 0.048231 0.228794
v 0.117000 0.051945 0.230332
v 0.119828 0.050857 0.229882
v 0.089000 0.049539 0.224483
v 0.093000 0.053481 0.225267
v 0.090172 0.052327 0.225038
v 0.121000 0.049539 0.224483
v 0.117000 0.053481 0.225267
v 0.119828 0.052327 0.225038
v 0.089000 0.049981 0.220000
v 0.093000 0.054000 0.220000
v 0.090172 0.052823 0.220000
v 0.121000 0.049981 0.220000
v 0.117000 0.054000 0.220000
v 0.119828 0.052823 0.220000
v 0.089000 0.049539 0.215517
v 0.093000 0.053481 0.214733
v 0.090172 0.052327 0.214962
v 0.121000 0.049539 0.215517
v 0.117000 0.053481 0.214733
v 0.119828 0.052327 0.214962
v 0.089000 0.048231 0.211206
v 0.093000 0.051945 0.209668
v 0.090172 0.050857 0.210118
v 0.121000 0.048231 0.211206
v 0.117000 0.051945 0.209668
v 0.119828 0.050857 0.210118
v 0.089000 0.046108 0.207233
v 0.093000 0.049450 0.205000
v 0.090172 0.048471 0.205654
v 0.121000 0.046108 0.207233
v 0.117000 0.049450 0.205000
v 0.119828 0.048471 0.205654
v 0.089000 0.043250 0.203750
v 0.093000 0.046092 0.200908
v 0.090172 0.045259 0.201741
v 0.121000 0.043250 0.203750
v 0.117000 0.046092 0.200908
v 0.119828 0.045259 0.201741
v 0.089000 0.039767 0.200892
v 0.093000 0.042000 0.197550
v 0.090172 0.041346 0.198529
v 0.121000 0.039767 0.200892
v 0.117000 0.042000 0.197550
v 0.119828 0.041346 0.198529
v 0.089000 0.035794 0.198769
v 0.093000 0.037332 0.195055
v 0.090172 0.036882 0.196143
v 0.121000 0.035794 0.198769
v 0.117000 0.037332 0.195055
v 0.119828 0.036882 0.196143
v 0.089000 0.031483 0.197461
v 0.093000 0.032267 0.193519
v 0.090172 0.032038 0.194673
v 0.121000 0.031483 0.197461
v 0.117000 0.032267 0.193519
v 0.119828 0.032038 0.194673
vn -0.3827 -0.0906 -0.9194
vn -0.9239 -0.0375 -0.3808
vn 0.3827 -0.0906 -0.9194
vn 0.9239 -0.0375 -0.3808
vn -0.3827 -0.2682 -0.8841
vn -0.9239 -0.1111 -0.3662
vn 0.3827 -0.2682 -0.8841
vn 0.9239 -0.1111 -0.3662
vn -0.3827 -0.4355 -0.8148
vn -0.9239 -0.1804 -0.3375
vn 0.3827 -0.4355 -0.8148
vn 0.9239 -0.1804 -0.3375
vn -0.3827 -0.5861 -0.7142
vn -0.9239 -0.2428 -0.2958
vn 0.3827 -0.5861 -0.7142
vn 0.9239 -0.2428 -0.2958
vn -0.3827 -0.7142 -0.5861
vn -0.9239 -0.2958 -0.2428
vn 0.3827 -0.7142 -0.5861
vn 0.9239 -0.2958 -0.2428
vn -0.3827 -0.8148 -0.4355
vn -0.9239 -0.3375 -0.1804
vn 0.3827 -0.8148 -0.4355
vn 0.9239 -0.3375 -0.1804
vn -0.3827 -0.8841 -0.2682
vn -0.9239 -0.3662 -0.1111
vn 0.3827 -0.8841 -0.2682
vn 0.9239 -0.3662 -0.1111
vn -0.3827 -0.9194 -0.0906
vn -0.9239 -0.3808 -0.0375
vn 0.3827 -0.9194 -0.0906
vn 0.9239 -0.3808 -0.0375
vn -0.3827 -0.9194 0.0906
vn -0.9239 -0.3808 0.0375
vn 0.3827 -0.9194 0.0906
vn 0.9239 -0.3808 0.0375
vn -0.3827 -0.8841 0.2682
vn -0.9239 -0.3662 0.1111
vn 0.3827 -0.8841 0.2682
vn 0.9239 -0.3662 0.1111
vn -0.3827 -0.8148 0.4355
vn -0.9239 -0.3375 0.1804
vn 0.3827 -0.8148 0.4355
vn 0.9239 -0.3375 0.1804
vn -0.3827 -0.7142 0.5861
vn -0.9239 -0.2958 0.2428
vn 0.3827 -0.7142 0.5861
vn 0.9239 -0.2958 0.2428
vn -0.3827 -0.5861 0.7142
vn -0.9239 -0.2428 0.2958
vn 0.3827 -0.5861 0.7142
vn 0.9239 -0.2428 0.2958
vn -0.3827 -0.4355 0.8148
vn -0.9239 -0.1804 0.3375
vn 0.3827 -0.4355 0.8148
vn 0.9239 -0.1804 0.3375
vn -0.3827 -0.2682 0.8841
vn -0.9239 -0.1111 0.3662
vn 0.3827 -0.2682 0.8841
vn 0.9239 -0.1111 0.3662
vn -0.3827 -0.0906 0.9194
vn -0.9239 -0.0375 0.3808
vn 0.3827 -0.0906 0.9194
vn 0.9239 -0.0375 0.3808
vn -0.3827 0.0906 0.9194
vn -0.9239 0.0375 0.3808
vn 0.3827 0.0906 0.9194
vn 0.9239 0.0375 0.3808
vn -0.3827 0.2682 0.8841
vn -0.9239 0.1111 0.3662
vn 0.3827 0.2682 0.8841
vn 0.9239 0.1111 0.3662
vn -0.3827 0.4355 0.8148
vn -0.9239 0.1804 0.3375
vn 0.3827 0.4355 0.8148
vn 0.9239 0.1804 0.3375
vn -0.3827 0.5861 0.7142
vn -0.9239 0.2428 0.2958
vn 0.3827 0.5861 0.7142
vn 0.9239 0.2428 0.2958
vn -0.3827 0.7142 0.5861
vn -0.9239 0.2958 0.2428
vn 0.3827 0.7142 0.5861
vn 0.9239 0.2958 0.2428
vn -0.3827 0.8148 0.4355
vn -0.9239 0.3375 0.1804
vn 0.3827 0.8148 0.4355
vn 0.9239 0.3375 0.1804
vn -0.3827 0.8841 0.2682
vn -0.9239 0.3662 0.1111
vn 0.3827 0.8841 0.2682
vn 0.9239 0.3662 0.1111
vn -0.3827 0.9194 0.0906
vn -0.9239 0.3808 0.0375
vn 0.3827 0.9194 0.0906
vn 0.9239 0.3808 0.0375
vn -0.3827 0.9194 -0.0906
vn -0.9239 0.3808 -0.0375
vn 0.3827 0.9194 -0.0906
vn 0.9239 0.3808 -0.0375
vn -0.3827 0.8841 -0.2682
vn -0.9239 0.3662 -0.1111
vn 0.3827 0.8841 -0.2682
vn 0.9239 0.3662 -0.1111
vn -0.3827 0.8148 -0.4355
vn -0.9239 0.3375 -0.1804
vn 0.3827 0.8148 -0.4355
vn 0.9239 0.3375 -0.1804
vn -0.3827 0.7142 -0.5861
vn -0.9239 0.2958 -0.2428
vn 0.3827 0.7142 -0.5861
vn 0.9239 0.2958 -0.2428
vn -0.3827 0.5861 -0.7142
vn -0.9239 0.2428 -0.2958
vn 0.3827 0.5861 -0.7142
vn 0.9239 0.2428 -0.2958
vn -0.3827 0.4355 -0.8148
vn -0.9239 0.1804 -0.3375
vn 0.3827 0.4355 -0.8148
vn 0.9239 0.1804 -0.3375
vn -0.3827 0.2682 -0.8841
vn -0.9239 0.1111 -0.3662
vn 0.3827 0.2682 -0.8841
vn 0.9239 0.1111 -0.3662
vn -0.3827 0.0906 -0.9194
vn -0.9239 0.0375 -0.3808
vn 0.3827 0.0906 -0.9194
vn 0.9239 0.0375 -0.3808
vn -1.0000 -0.0000 -0.0000
vn -0.0000 -0.0980 -0.9952
vn -0.0000 0.0980 -0.9952
vn 1.0000 -0.0000 -0.0000
vn -0.0000 -0.2903 -0.9569
vn -0.0000 -0.4714 -0.8819
vn -0.0000 -0.6344 -0.7730
vn -0.0000 -0.7730 -0.6344
vn -0.0000 -0.8819 -0.4714
vn -0.0000 -0.9569 -0.2903
vn -0.0000 -0.9952 -0.0980
vn -0.0000 -0.9952 0.0980
vn -0.0000 -0.9569 0.2903
vn -0.0000 -0.8819 0.4714
vn -0.0000 -0.7730 0.6344
vn -0.0000 -0.6344 0.7730
vn -0.0000 -0.4714 0.8819
vn -0.0000 -0.2903 0.9569
vn -0.0000 -0.0980 0.9952
vn -0.0000 0.0980 0.9952
vn -0.0000 0.2903 0.9569
vn -0.0000 0.4714 0.8819
vn -0.0000 0.6344 0.7730
vn -0.0000 0.7730 0.6344
vn -0.0000 0.8819 0.4714
vn -0.0000 0.9569 0.2903
vn -0.0000 0.9952 0.0980
vn -0.0000 0.9952 -0.0980
vn -0.0000 0.9569 -0.2903
vn -0.0000 0.8819 -0.4714
vn -0.0000 0.7730 -0.6344
vn -0.0000 0.6344 -0.7730
vn -0.0000 0.4714 -0.8819
vn -0.0000 0.2903 -0.9569
vt 1.000000 0.562500
vt 0.968750 0.562500
vt 0.968750 0.500000
vt 0.999319 0.500000
vt 0.750000 0.489899
vt 0.796802 0.485290
vt 0.789852 0.450347
vt 0.750000 0.454272
vt 0.968750 0.937500
vt 1.000000 0.937500
vt 0.999319 1.000000
vt 0.968750 1.000000
vt 0.296802 0.485290
vt 0.250000 0.489899
vt 0.250000 0.454272
vt 0.289852 0.450347
vt 0.937500 0.562500
vt 0.937500 0.500000
vt 0.841806 0.471638
vt 0.828172 0.438723
vt 0.937500 0.937500
vt 0.937500 1.000000
vt 0.341806 0.471638
vt 0.328172 0.438723
vt 0.906250 0.562500
vt 0.906250 0.500000
vt 0.883281 0.449469
vt 0.863488 0.419846
vt 0.906250 0.937500
vt 0.906250 1.000000
vt 0.383281 0.449469
vt 0.363488 0.419846
vt 0.875000 0.562500
vt 0.875000 0.500000
vt 0.919635 0.419635
vt 0.894442 0.394442
vt 0.875000 0.937500
vt 0.875000 1.000000
vt 0.419635 0.419635
vt 0.394442 0.394442
vt 0.843750 0.562500
vt 0.843750 0.500000
vt 0.949469 0.383281
vt 0.919846 0.363488
vt 0.843750 0.937500
vt 0.843750 1.000000
vt 0.449469 0.383281
vt 0.419846 0.363488
vt 0.812500 0.562500
vt 0.812500 0.500000
vt 0.971638 0.341806
vt 0.938723 0.328172
vt 0.812500 0.937500
vt 0.812500 1.000000
vt 0.471638 0.341806
vt 0.438723 0.328172
vt 0.781250 0.562500
vt 0.781250 0.500000
vt 0.985290 0.296802
vt 0.950347 0.289852
vt 0.781250 0.937500
vt 0.781250 1.000000
vt 0.485290 0.296802
vt 0.450347 0.289852
vt 0.750000 0.562500
vt 0.750000 0.500000
vt 0.989900 0.250000
vt 0.954272 0.250000
vt 0.750000 0.937500
vt 0.750000 1.000000
vt 0.489899 0.250000
vt 0.454272 0.250000
vt 0.718750 0.562500
vt 0.718750 0.500000
vt 0.985290 0.203198
vt 0.950347 0.210148
vt 0.718750 0.937500
vt 0.718750 1.000000
vt 0.485290 0.203198
vt 0.450347 0.210148
vt 0.687500 0.562500
vt 0.687500 0.500000
vt 0.971638 0.158194
vt 0.938723 0.171828
vt 0.687500 0.937500
vt 0.687500 1.000000
vt 0.471638 0.158194
vt 0.438723 0.171828
vt 0.656250 0.562500
vt 0.656250 0.500000
vt 0.949469 0.116719
vt 0.919846 0.136512
vt 0.656250 0.937500
vt 0.656250 1.000000
vt 0.449469 0.116719
vt 0.419846 0.136512
vt 0.625000 0.562500
vt 0.625000 0.500000
vt 0.919635 0.080365
vt 0.894442 0.105558
vt 0.625000 0.937500
vt 0.625000 1.000000
vt 0.419635 0.080365
vt 0.394442 0.105558
vt 0.593750 0.562500
vt 0.593750 0.500000
vt 0.883281 0.050531
vt 0.863488 0.080154
vt 0.593750 0.937500
vt 0.593750 1.000000
vt 0.383281 0.050531
vt 0.363488 0.080154
vt 0.562500 0.562500
vt 0.562500 0.500000
vt 0.841806 0.028362
vt 0.828172 0.061277
vt 0.562500 0.937500
vt 0.562500 1.000000
vt 0.341806 0.028362
vt 0.328172 0.061277
vt 0.531250 0.562500
vt 0.531250 0.500000
vt 0.796802 0.014710
vt 0.789852 0.049653
vt 0.531250 0.937500
vt 0.531250 1.000000
vt 0.296802 0.014710
vt 0.289852 0.049653
vt 0.500000 0.562500
vt 0.500000 0.500000
vt 0.750000 0.010101
vt 0.750000 0.045728
vt 0.500000 0.937500
vt 0.500000 1.000000
vt 0.250000 0.010101
vt 0.250000 0.045728
vt 0.468750 0.562500
vt 0.468750 0.500000
vt 0.703198 0.014710
vt 0.710149 0.049653
vt 0.468750 0.937500
vt 0.468750 1.000000
vt 0.203198 0.014710
vt 0.210148 0.049653
vt 0.437500 0.562500
vt 0.437500 0.500000
vt 0.658194 0.028362
vt 0.671828 0.061277
vt 0.437500 0.937500
vt 0.437500 1.000000
vt 0.158194 0.028362
vt 0.171828 0.061277
vt 0.406250 0.562500
vt 0.406250 0.500000
vt 0.616719 0.050531
vt 0.636512 0.080154
vt 0.406250 0.937500
vt 0.406250 1.000000
vt 0.116719 0.050531
vt 0.136512 0.080154
vt 0.375000 0.562500
vt 0.375000 0.500000
vt 0.580365 0.080365
vt 0.605557 0.105558
vt 0.375000 0.937500
vt 0.375000 1.000000
vt 0.080365 0.080365
vt 0.105558 0.105558
vt 0.343750 0.562500
vt 0.343750 0.500000
vt 0.550531 0.116719
vt 0.580154 0.136512
vt 0.343750 0.937500
vt 0.343750 1.000000
vt 0.050531 0.116719
vt 0.080154 0.136512
vt 0.312500 0.562500
vt 0.312500 0.500000
vt 0.528362 0.158194
vt 0.561277 0.171828
vt 0.312500 0.937500
vt 0.312500 1.000000
vt 0.028362 0.158194
vt 0.061277 0.171828
vt 0.281250 0.562500
vt 0.281250 0.500000
vt 0.514710 0.203198
vt 0.549653 0.210148
vt 0.281250 0.937500
vt 0.281250 1.000000
vt 0.014710 0.203198
vt 0.049653 0.210148
vt 0.250000 0.562500
vt 0.250000 0.500000
vt 0.510101 0.250000
vt 0.545728 0.250000
vt 0.250000 0.937500
vt 0.250000 1.000000
vt 0.010101 0.250000
vt 0.045728 0.250000
vt 0.218750 0.562500
vt 0.218750 0.500000
vt 0.514710 0.296802
vt 0.549653 0.289852
vt 0.218750 0.937500
vt 0.218750 1.000000
vt 0.014710 0.296802
vt 0.049653 0.289852
vt 0.187500 0.562500
vt 0.187500 0.500000
vt 0.528362 0.341806
vt 0.561277 0.328172
vt 0.187500 0.937500
vt 0.187500 1.000000
vt 0.028362 0.341806
vt 0.061277 0.328172
vt 0.156250 0.562500
vt 0.156250 0.500000
vt 0.550531 0.383281
vt 0.580154 0.363488
vt 0.156250 0.937500
vt 0.156250 1.000000
vt 0.050531 0.383281
vt 0.080154 0.363488
vt 0.125000 0.562500
vt 0.125000 0.500000
vt 0.580365 0.419635
vt 0.605558 0.394442
vt 0.125000 0.937500
vt 0.125000 1.000000
vt 0.080365 0.419635
vt 0.105558 0.394442
vt 0.093750 0.562500
vt 0.093750 0.500000
vt 0.616719 0.449469
vt 0.636512 0.419846
vt 0.093750 0.937500
vt 0.093750 1.000000
vt 0.116719 0.449469
vt 0.136512 0.419846
vt 0.062500 0.562500
vt 0.062500 0.500000
vt 0.658194 0.471638
vt 0.671828 0.438723
vt 0.062500 0.937500
vt 0.062500 1.000000
vt 0.158194 0.471638
vt 0.171828 0.438723
vt 0.031250 0.562500
vt 0.031250 0.500000
vt 0.703198 0.485290
vt 0.710148 0.450347
vt 0.031250 0.937500
vt 0.031250 1.000000
vt 0.203198 0.485290
vt 0.210148 0.450347
vt 0.000000 0.562500
vt 0.000681 0.500000
vt 0.000000 0.937500
vt 0.000681 1.000000
s 0
usemtl Mat_Wheels
f 818/1178/665 824/1179/665 825/1180/665 819/1181/665
f 819/1182/666 825/1183/666 823/1184/666 817/1185/666
f 827/1186/667 821/1187/667 822/1188/667 828/1189/667
f 828/1190/668 822/1191/668 820/1192/668 826/1193/668
f 824/1179/669 830/1194/669 831/1195/669 825/1180/669
f 825/1183/670 831/1196/670 829/1197/670 823/1184/670
f 833/1198/671 827/1186/671 828/1189/671 834/1199/671
f 834/1200/672 828/1190/672 826/1193/672 832/1201/672
f 830/1194/673 836/1202/673 837/1203/673 831/1195/673
f 831/1196/674 837/1204/674 835/1205/674 829/1197/674
f 839/1206/675 833/1198/675 834/1199/675 840/1207/675
f 840/1208/676 834/1200/676 832/1201/676 838/1209/676
f 836/1202/677 842/1210/677 843/1211/677 837/1203/677
f 837/1204/678 843/1212/678 841/1213/678 835/1205/678
f 845/1214/679 839/1206/679 840/1207/679 846/1215/679
f 846/1216/680 840/1208/680 838/1209/680 844/1217/680
f 842/1210/681 848/1218/681 849/1219/681 843/1211/681
f 843/1212/682 849/1220/682 847/1221/682 841/1213/682
f 851/1222/683 845/1214/683 846/1215/683 852/1223/683
f 852/1224/684 846/1216/684 844/1217/684 850/1225/684
f 848/1218/685 854/1226/685 855/1227/685 849/1219/685
f 849/1220/686 855/1228/686 853/1229/686 847/1221/686
f 857/1230/687 851/1222/687 852/1223/687 858/1231/687
f 858/1232/688 852/1224/688 850/1225/688 856/1233/688
f 854/1226/689 860/1234/689 861/1235/689 855/1227/689
f 855/1228/690 861/1236/690 859/1237/690 853/1229/690
f 863/1238/691 857/1230/691 858/1231/691 864/1239/691
f 864/1240/692 858/1232/692 856/1233/692 862/1241/692
f 860/1234/693 866/1242/693 867/1243/693 861/1235/693
f 861/1236/694 867/1244/694 865/1245/694 859/1237/694
f 869/1246/695 863/1238/695 864/1239/695 870/1247/695
f 870/1248/696 864/1240/696 862/1241/696 868/1249/696
f 866/1242/697 872/1250/697 873/1251/697 867/1243/697
f 867/1244/698 873/1252/698 871/1253/698 865/1245/698
f 875/1254/699 869/1246/699 870/1247/699 876/1255/699
f 876/1256/700 870/1248/700 868/1249/700 874/1257/700
f 872/1250/701 878/1258/701 879/1259/701 873/1251/701
f 873/1252/702 879/1260/702 877/1261/702 871/1253/702
f 881/1262/703 875/1254/703 876/1255/703 882/1263/703
f 882/1264/704 876/1256/704 874/1257/704 880/1265/704
f 878/1258/705 884/1266/705 885/1267/705 879/1259/705
f 879/1260/706 885/1268/706 883/1269/706 877/1261/706
f 887/1270/707 881/1262/707 882/1263/707 888/1271/707
f 888/1272/708 882/1264/708 880/1265/708 886/1273/708
f 884/1266/709 890/1274/709 891/1275/709 885/1267/709
f 885/1268/710 891/1276/710 889/1277/710 883/1269/710
f 893/1278/711 887/1270/711 888/1271/711 894/1279/711
f 894/1280/712 888/1272/712 886/1273/712 892/1281/712
f 890/1274/713 896/1282/713 897/1283/713 891/1275/713
f 891/1276/714 897/1284/714 895/1285/714 889/1277/714
f 899/1286/715 893/1278/715 894/1279/715 900/1287/715
f 900/1288/716 894/1280/716 892/1281/716 898/1289/716
f 896/1282/717 902/1290/717 903/1291/717 897/1283/717
f 897/1284/718 903/1292/718 901/1293/718 895/1285/718
f 905/1294/719 899/1286/719 900/1287/719 906/1295/719
f 906/1296/720 900/1288/720 898/1289/720 904/1297/720
f 902/1290/721 908/1298/721 909/1299/721 903/1291/721
f 903/1292/722 909/1300/722 907/1301/722 901/1293/722
f 911/1302/723 905/1294/723 906/1295/723 912/1303/723
f 912/1304/724 906/1296/724 904/1297/724 910/1305/724
f 908/1298/725 914/1306/725 915/1307/725 909/1299/725
f 909/1300/726 915/1308/726 913/1309/726 907/1301/726
f 917/1310/727 911/1302/727 912/1303/727 918/1311/727
f 918/1312/728 912/1304/728 910/1305/728 916/1313/728
f 914/1306/729 920/1314/729 921/1315/729 915/1307/729
f 915/1308/730 921/1316/730 919/1317/730 913/1309/730
f 923/1318/731 917/1310/731 918/1311/731 924/1319/731
f 924/1320/732 918/1312/732 916/1313/732 922/1321/732
f 920/1314/733 926/1322/733 927/1323/733 921/1315/733
f 921/1316/734 927/1324/734 925/1325/734 919/1317/734
f 929/1326/735 923/1318/735 924/1319/735 930/1327/735
f 930/1328/736 924/1320/736 922/1321/736 928/1329/736
f 926/1322/737 932/1330/737 933/1331/737 927/1323/737
f 927/1324/738 933/1332/738 931/1333/738 925/1325/738
f 935/1334/739 929/1326/739 930/1327/739 936/1335/739
f 936/1336/740 930/1328/740 928/1329/740 934/1337/740
f 932/1330/741 938/1338/741 939/1339/741 933/1331/741
f 933/1332/742 939/1340/742 937/1341/742 931/1333/742
f 941/1342/743 935/1334/743 936/1335/743 942/1343/743
f 942/1344/744 936/1336/744 934/1337/744 940/1345/744
f 938/1338/745 944/1346/745 945/1347/745 939/1339/745
f 939/1340/746 945/1348/746 943/1349/746 937/1341/746
f 947/1350/747 941/1342/747 942/1343/747 948/1351/747
f 948/1352/748 942/1344/748 940/1345/748 946/1353/748
f 944/1346/749 950/1354/749 951/1355/749 945/1347/749
f 945/1348/750 951/1356/750 949/1357/750 943/1349/750
f 953/1358/751 947/1350/751 948/1351/751 954/1359/751
f 954/1360/752 948/1352/752 946/1353/752 952/1361/752
f 950/1354/753 956/1362/753 957/1363/753 951/1355/753
f 951/1356/754 957/1364/754 955/1365/754 949/1357/754
f 959/1366/755 953/1358/755 954/1359/755 960/1367/755
f 960/1368/756 954/1360/756 952/1361/756 958/1369/756
f 956/1362/757 962/1370/757 963/1371/757 957/1363/757
f 957/1364/758 963/1372/758 961/1373/758 955/1365/758
f 965/1374/759 959/1366/759 960/1367/759 966/1375/759
f 966/1376/760 960/1368/760 958/1369/760 964/1377/760
f 962/1370/761 968/1378/761 969/1379/761 963/1371/761
f 963/1372/762 969/1380/762 967/1381/762 961/1373/762
f 971/1382/763 965/1374/763 966/1375/763 972/1383/763
f 972/1384/764 966/1376/764 964/1377/764 970/1385/764
f 968/1378/765 974/1386/765 975/1387/765 969/1379/765
f 969/1380/766 975/1388/766 973/1389/766 967/1381/766
f 977/1390/767 971/1382/767 972/1383/767 978/1391/767
f 978/1392/768 972/1384/768 970/1385/768 976/1393/768
f 974/1386/769 980/1394/769 981/1395/769 975/1387/769
f 975/1388/770 981/1396/770 979/1397/770 973/1389/770
f 983/1398/771 977/1390/771 978/1391/771 984/1399/771
f 984/1400/772 978/1392/772 976/1393/772 982/1401/772
f 980/1394/773 986/1402/773 987/1403/773 981/1395/773
f 981/1396/774 987/1404/774 985/1405/774 979/1397/774
f 989/1406/775 983/1398/775 984/1399/775 990/1407/775
f 990/1408/776 984/1400/776 982/1401/776 988/1409/776
f 986/1402/777 992/1410/777 993/1411/777 987/1403/777
f 987/1404/778 993/1412/778 991/1413/778 985/1405/778
f 995/1414/779 989/1406/779 990/1407/779 996/1415/779
f 996/1416/780 990/1408/780 988/1409/780 994/1417/780
f 992/1410/781 998/1418/781 999/1419/781 993/1411/781
f 993/1412/782 999/1420/782 997/1421/782 991/1413/782
f 1001/1422/783 995/1414/783 996/1415/783 1002/1423/783
f 1002/1424/784 996/1416/784 994/1417/784 1000/1425/784
f 998/1418/785 1004/1426/785 1005/1427/785 999/1419/785
f 999/1420/786 1005/1428/786 1003/1429/786 997/1421/786
f 1007/1430/787 1001/1422/787 1002/1423/787 1008/1431/787
f 1008/1432/788 1002/1424/788 1000/1425/788 1006/1433/788
f 1004/1426/789 818/1434/789 819/1435/789 1005/1427/789
f 1005/1428/790 819/1182/790 817/1185/790 1003/1429/790
f 821/1436/791 1007/1430/791 1008/1431/791 822/1437/791
f 822/1191/792 1008/1432/792 1006/1433/792 820/1192/792
f 817/1185/793 823/1184/793 829/1197/793 835/1205/793 841/1213/793 847/1221/793 853/1229/793 859/1237/793 865/1245/793 871/1253/793 877/1261/793 883/1269/793 889/1277/793 895/1285/793 901/1293/793 907/1301/793 913/1309/793 919/1317/793 925/1325/793 931/1333/793 937/1341/793 943/1349/793 949/1357/793 955/1365/793 961/1373/793 967/1381/793 973/1389/793 979/1397/793 985/1405/793 991/1413/793 997/1421/793 1003/1429/793
f 818/1178/794 821/1187/794 827/1186/794 824/1179/794
f 1004/1426/795 1007/1430/795 821/1436/795 818/1434/795
f 826/1193/796 820/1192/796 1006/1433/796 1000/1425/796 994/1417/796 988/1409/796 982/1401/796 976/1393/796 970/1385/796 964/1377/796 958/1369/796 952/1361/796 946/1353/796 940/1345/796 934/1337/796 928/1329/796 922/1321/796 916/1313/796 910/1305/796 904/1297/796 898/1289/796 892/1281/796 886/1273/796 880/1265/796 874/1257/796 868/1249/796 862/1241/796 856/1233/796 850/1225/796 844/1217/796 838/1209/796 832/1201/796
f 824/1179/797 827/1186/797 833/1198/797 830/1194/797
f 830/1194/798 833/1198/798 839/1206/798 836/1202/798
f 836/1202/799 839/1206/799 845/1214/799 842/1210/799
f 842/1210/800 845/1214/800 851/1222/800 848/1218/800
f 848/1218/801 851/1222/801 857/1230/801 854/1226/801
f 854/1226/802 857/1230/802 863/1238/802 860/1234/802
f 860/1234/803 863/1238/803 869/1246/803 866/1242/803
f 866/1242/804 869/1246/804 875/1254/804 872/1250/804
f 872/1250/805 875/1254/805 881/1262/805 878/1258/805
f 878/1258/806 881/1262/806 887/1270/806 884/1266/806
f 884/1266/807 887/1270/807 893/1278/807 890/1274/807
f 890/1274/808 893/1278/808 899/1286/808 896/1282/808
f 896/1282/809 899/1286/809 905/1294/809 902/1290/809
f 902/1290/810 905/1294/810 911/1302/810 908/1298/810
f 908/1298/811 911/1302/811 917/1310/811 914/1306/811
f 914/1306/812 917/1310/812 923/1318/812 920/1314/812
f 920/1314/813 923/1318/813 929/1326/813 926/1322/813
f 926/1322/814 929/1326/814 935/1334/814 932/1330/814
f 932/1330/815 935/1334/815 941/1342/815 938/1338/815
f 938/1338/816 941/1342/816 947/1350/816 944/1346/816
f 944/1346/817 947/1350/817 953/1358/817 950/1354/817
f 950/1354/818 953/1358/818 959/1366/818 956/1362/818
f 956/1362/819 959/1366/819 965/1374/819 962/1370/819
f 962/1370/820 965/1374/820 971/1382/820 968/1378/820
f 968/1378/821 971/1382/821 977/1390/821 974/1386/821
f 974/1386/822 977/1390/822 983/1398/822 980/1394/822
f 980/1394/823 983/1398/823 989/1406/823 986/1402/823
f 986/1402/824 989/1406/824 995/1414/824 992/1410/824
f 992/1410/825 995/1414/825 1001/1422/825 998/1418/825
f 998/1418/826 1001/1422/826 1007/1430/826 1004/1426/826
